Department,Category,Date,Allocated_Budget,Actual_Spend
IT,Training,2020-01-01,13176,13191
HR,Equipment,2020-01-01,15305,13733
Finance,Software,2020-01-01,4394,6889
Marketing,Travel,2020-01-02,19935,18401
Marketing,Salaries,2020-01-02,13396,14598
Operations,Training,2020-01-02,3173,3447
Operations,Training,2020-01-03,16065,15641
Marketing,Travel,2020-01-03,18368,16449
Operations,Travel,2020-01-05,9962,10831
Operations,Software,2020-01-05,6133,6842
IT,Salaries,2020-01-05,12770,12590
HR,Salaries,2020-01-05,10439,11358
IT,Software,2020-01-06,19913,20508
Finance,Software,2020-01-07,10728,11466
Marketing,Software,2020-01-07,9917,10840
HR,Training,2020-01-07,7624,8417
Marketing,Travel,2020-01-08,15870,18766
HR,Training,2020-01-08,3389,2457
Operations,Software,2020-01-10,9105,12071
IT,Equipment,2020-01-11,18822,16901
Finance,Travel,2020-01-12,14647,16348
Marketing,Travel,2020-01-13,17008,16495
Finance,Salaries,2020-01-13,8326,6983
HR,Equipment,2020-01-14,17351,18822
Marketing,Software,2020-01-14,4503,6199
Finance,Training,2020-01-14,10561,10771
Marketing,Software,2020-01-15,16103,15770
Operations,Training,2020-01-15,4097,2741
HR,Salaries,2020-01-15,14489,16774
IT,Salaries,2020-01-16,18552,18963
IT,Training,2020-01-17,3526,2721
HR,Salaries,2020-01-17,14045,15551
IT,Equipment,2020-01-18,7646,6197
HR,Equipment,2020-01-22,13821,16031
Finance,Equipment,2020-01-22,17375,18852
Operations,Training,2020-01-23,19774,20979
HR,Equipment,2020-01-25,18162,19456
Operations,Salaries,2020-01-26,4908,4259
Marketing,Training,2020-01-29,5209,5181
Finance,Salaries,2020-01-29,9720,9647
HR,Software,2020-01-30,14716,16479
Operations,Equipment,2020-02-03,4221,2613
Operations,Training,2020-02-04,3891,6233
Operations,Salaries,2020-02-04,5550,5628
HR,Salaries,2020-02-05,5659,7102
HR,Travel,2020-02-06,17634,16524
Operations,Training,2020-02-06,6212,5395
HR,Equipment,2020-02-07,18750,19630
Finance,Equipment,2020-02-07,12475,11432
IT,Travel,2020-02-07,19227,21331
Marketing,Software,2020-02-08,3448,2783
Marketing,Training,2020-02-09,16770,14792
Finance,Travel,2020-02-09,18766,21433
Marketing,Salaries,2020-02-10,4135,6790
HR,Training,2020-02-10,15451,13622
Marketing,Software,2020-02-10,17817,19313
HR,Training,2020-02-12,8285,7161
Finance,Salaries,2020-02-13,6113,5159
Marketing,Equipment,2020-02-13,13455,13267
IT,Travel,2020-02-15,14812,14422
Finance,Software,2020-02-15,16268,16457
IT,Travel,2020-02-17,5354,6910
HR,Equipment,2020-02-17,5340,3380
IT,Salaries,2020-02-17,5487,7215
Operations,Salaries,2020-02-17,10802,9009
HR,Training,2020-02-18,14493,13311
Operations,Software,2020-02-19,13910,13240
Finance,Salaries,2020-02-19,3716,5392
Operations,Travel,2020-02-20,12595,12265
HR,Travel,2020-02-20,16377,18813
Finance,Salaries,2020-02-22,4994,3309
IT,Salaries,2020-02-22,15508,14704
Operations,Equipment,2020-02-24,6676,8532
Marketing,Travel,2020-02-24,10789,8855
Operations,Training,2020-02-25,8940,9937
Finance,Equipment,2020-02-26,18833,21398
HR,Training,2020-02-27,7628,6794
Marketing,Travel,2020-02-28,3333,3315
Finance,Training,2020-02-28,19917,18429
Operations,Salaries,2020-02-29,10625,9798
IT,Travel,2020-03-01,5131,6664
HR,Salaries,2020-03-01,4725,7493
Marketing,Software,2020-03-02,10944,10251
Finance,Training,2020-03-02,5186,6005
Marketing,Salaries,2020-03-02,8365,9379
IT,Salaries,2020-03-03,17260,19187
Operations,Training,2020-03-03,3335,2205
Finance,Travel,2020-03-05,8620,11238
Finance,Training,2020-03-06,14157,16851
Finance,Equipment,2020-03-07,10007,9957
Finance,Training,2020-03-08,14952,16217
Operations,Equipment,2020-03-09,8327,6957
HR,Salaries,2020-03-09,14926,13244
Finance,Salaries,2020-03-09,10376,12419
Finance,Travel,2020-03-11,9834,10123
Finance,Travel,2020-03-11,19485,21402
HR,Travel,2020-03-12,6958,9549
Operations,Salaries,2020-03-13,17530,16312
Operations,Travel,2020-03-13,19766,19604
Marketing,Salaries,2020-03-14,16454,16208
Marketing,Equipment,2020-03-14,17120,18520
HR,Salaries,2020-03-15,11280,13094
Marketing,Software,2020-03-15,19275,18984
IT,Travel,2020-03-16,3133,3611
Finance,Travel,2020-03-16,19755,21109
Marketing,Salaries,2020-03-17,15124,14071
Finance,Travel,2020-03-18,12399,12189
IT,Software,2020-03-19,5662,7571
Marketing,Salaries,2020-03-19,7694,8660
Finance,Software,2020-03-20,15352,16652
IT,Software,2020-03-21,5930,6735
IT,Travel,2020-03-21,10208,12901
Marketing,Salaries,2020-03-22,18087,18171
Finance,Equipment,2020-03-24,19231,21374
Finance,Training,2020-03-25,10898,10720
Finance,Salaries,2020-03-26,17455,19428
Marketing,Salaries,2020-03-26,5514,6954
HR,Salaries,2020-03-26,8071,10821
IT,Equipment,2020-03-27,8350,6639
IT,Salaries,2020-03-27,6555,8219
Marketing,Travel,2020-03-27,4904,4608
IT,Software,2020-03-28,6711,6029
HR,Training,2020-03-29,4777,6092
IT,Salaries,2020-03-29,13868,12711
HR,Training,2020-03-31,14983,16149
Operations,Salaries,2020-03-31,15073,14683
Marketing,Software,2020-04-01,15658,16853
Marketing,Salaries,2020-04-02,13109,14363
Marketing,Travel,2020-04-04,14199,13465
HR,Equipment,2020-04-04,15705,16428
Finance,Equipment,2020-04-05,6006,7949
Finance,Training,2020-04-07,11989,14131
Finance,Travel,2020-04-08,10756,12927
HR,Travel,2020-04-09,3568,4880
Finance,Travel,2020-04-09,6976,8934
Operations,Software,2020-04-10,3166,2988
HR,Training,2020-04-11,19418,21851
HR,Salaries,2020-04-11,5741,4023
Marketing,Software,2020-04-11,19137,22117
Marketing,Salaries,2020-04-15,3946,5914
Marketing,Salaries,2020-04-16,13812,14249
IT,Training,2020-04-16,12929,14999
Operations,Travel,2020-04-16,13624,16387
Marketing,Travel,2020-04-16,12476,14525
Operations,Training,2020-04-19,6829,6460
Finance,Software,2020-04-19,3079,4180
Finance,Salaries,2020-04-19,11297,13440
Operations,Equipment,2020-04-20,3984,5763
Operations,Salaries,2020-04-21,15986,14788
IT,Equipment,2020-04-22,10008,8580
HR,Software,2020-04-23,3295,2132
IT,Salaries,2020-04-24,4731,6493
IT,Software,2020-04-25,4088,3888
Marketing,Salaries,2020-04-25,12225,11137
Finance,Salaries,2020-04-25,8203,8674
Finance,Training,2020-04-27,10094,12476
IT,Salaries,2020-04-28,12943,12125
Operations,Training,2020-04-29,12311,12903
Finance,Training,2020-05-01,11525,14372
Finance,Travel,2020-05-02,16265,17314
HR,Salaries,2020-05-03,19975,18358
IT,Training,2020-05-03,6779,7244
Operations,Training,2020-05-05,4821,4502
IT,Software,2020-05-06,4505,6901
Operations,Equipment,2020-05-07,9104,7164
Finance,Training,2020-05-07,13101,12617
Finance,Training,2020-05-08,12138,10845
Marketing,Travel,2020-05-08,3571,5210
Operations,Software,2020-05-09,5288,7709
Finance,Training,2020-05-09,19900,19192
HR,Software,2020-05-09,5630,3680
Operations,Travel,2020-05-10,3939,2741
Operations,Training,2020-05-11,11251,9750
Finance,Software,2020-05-11,10333,13122
IT,Equipment,2020-05-13,11843,12122
Marketing,Equipment,2020-05-13,15622,14675
HR,Training,2020-05-13,6912,9282
Operations,Software,2020-05-13,3206,2546
Operations,Training,2020-05-14,16316,15604
IT,Training,2020-05-14,7601,9633
Operations,Salaries,2020-05-14,7308,9428
HR,Training,2020-05-15,5279,4601
HR,Travel,2020-05-16,12712,14610
Operations,Travel,2020-05-19,14920,13762
IT,Software,2020-05-19,4127,2715
HR,Equipment,2020-05-19,8433,7506
IT,Travel,2020-05-20,12899,13827
Marketing,Equipment,2020-05-20,10900,9633
IT,Software,2020-05-21,18059,20278
IT,Software,2020-05-21,13977,13832
Finance,Equipment,2020-05-21,17625,18724
HR,Equipment,2020-05-22,18976,21618
Finance,Salaries,2020-05-22,16649,19002
HR,Software,2020-05-23,15288,14945
Operations,Training,2020-05-23,8363,8498
Marketing,Training,2020-05-23,10766,12118
Operations,Salaries,2020-05-24,7182,5927
IT,Equipment,2020-05-24,13954,16402
Marketing,Salaries,2020-05-25,7005,8294
Operations,Training,2020-05-26,18486,21380
Marketing,Software,2020-05-28,15251,17086
HR,Training,2020-05-29,11444,14278
Operations,Salaries,2020-05-29,9723,8844
Operations,Equipment,2020-05-30,16520,16620
Finance,Salaries,2020-06-01,3746,6469
Marketing,Salaries,2020-06-03,4185,7036
Marketing,Travel,2020-06-03,18858,19880
Operations,Travel,2020-06-04,18373,20637
IT,Training,2020-06-04,14961,16799
HR,Software,2020-06-05,9901,8825
Finance,Travel,2020-06-05,14847,14396
Finance,Travel,2020-06-06,4441,5126
Marketing,Travel,2020-06-06,15740,13894
HR,Salaries,2020-06-06,5194,4576
Operations,Training,2020-06-07,8073,8202
Operations,Training,2020-06-08,16859,17544
HR,Training,2020-06-08,4147,6121
IT,Equipment,2020-06-09,19636,19776
Marketing,Salaries,2020-06-10,17853,20077
HR,Equipment,2020-06-11,13231,16199
Operations,Software,2020-06-12,17919,16684
Finance,Travel,2020-06-13,3454,2605
Finance,Training,2020-06-14,16888,19842
Marketing,Software,2020-06-14,13863,12567
Marketing,Equipment,2020-06-15,5427,4365
Marketing,Travel,2020-06-15,15094,16602
Operations,Training,2020-06-17,18711,17600
Marketing,Software,2020-06-17,17866,19027
Operations,Software,2020-06-17,14044,12263
HR,Travel,2020-06-20,15943,14630
IT,Equipment,2020-06-20,6053,6896
Operations,Salaries,2020-06-20,5664,7209
HR,Travel,2020-06-20,18773,19973
Operations,Software,2020-06-21,11111,9131
HR,Training,2020-06-22,16759,16151
Finance,Training,2020-06-23,12692,14844
Marketing,Training,2020-06-24,13060,14273
IT,Software,2020-06-25,13567,12395
Finance,Salaries,2020-06-25,10977,12307
Marketing,Software,2020-06-26,16601,17838
HR,Software,2020-06-26,4515,5908
IT,Salaries,2020-06-27,9582,10711
HR,Travel,2020-06-28,10612,11325
HR,Travel,2020-06-28,6665,7787
HR,Training,2020-06-29,18439,20380
Marketing,Training,2020-06-30,4506,2808
HR,Software,2020-07-01,13819,16586
HR,Training,2020-07-01,10540,12862
Marketing,Salaries,2020-07-01,5064,3340
Operations,Software,2020-07-02,15181,16410
Operations,Software,2020-07-02,14702,14269
Operations,Training,2020-07-03,6749,5947
IT,Training,2020-07-04,17136,17283
IT,Travel,2020-07-04,15583,14494
IT,Equipment,2020-07-09,4803,2847
Finance,Software,2020-07-09,14806,15342
IT,Equipment,2020-07-09,10317,12491
IT,Travel,2020-07-12,7509,8865
Marketing,Equipment,2020-07-13,12589,14494
HR,Travel,2020-07-15,6854,4915
HR,Equipment,2020-07-16,15833,16080
HR,Equipment,2020-07-16,19565,18435
IT,Training,2020-07-17,8110,8095
Operations,Training,2020-07-18,19102,18570
HR,Software,2020-07-18,18818,18168
Marketing,Software,2020-07-18,10637,10980
Operations,Software,2020-07-18,3766,4633
IT,Salaries,2020-07-18,6137,6734
IT,Salaries,2020-07-19,7840,7644
Operations,Salaries,2020-07-20,3791,5801
IT,Travel,2020-07-20,3194,3612
IT,Software,2020-07-21,5213,4887
Operations,Software,2020-07-22,10219,9427
IT,Travel,2020-07-25,19782,19236
IT,Training,2020-07-25,4392,6633
IT,Training,2020-07-25,7166,8913
Finance,Salaries,2020-07-25,3409,4737
IT,Software,2020-07-27,5137,7977
HR,Travel,2020-07-27,3987,4234
Marketing,Salaries,2020-07-27,15178,14556
Operations,Equipment,2020-07-28,4318,3197
Finance,Software,2020-07-28,7580,10360
Marketing,Travel,2020-07-29,18028,18754
Marketing,Travel,2020-07-30,12913,15860
IT,Software,2020-07-30,19006,21035
HR,Travel,2020-07-31,12314,11727
Operations,Salaries,2020-07-31,9242,7353
Finance,Equipment,2020-07-31,7532,6675
Marketing,Software,2020-08-02,8567,8903
HR,Training,2020-08-03,12474,14523
Operations,Travel,2020-08-04,17550,17382
IT,Training,2020-08-05,12331,14557
Operations,Equipment,2020-08-06,10489,10867
HR,Travel,2020-08-06,12732,10775
HR,Travel,2020-08-06,12275,12962
Operations,Travel,2020-08-08,4916,6738
IT,Salaries,2020-08-08,12020,12865
HR,Salaries,2020-08-09,4950,4781
Marketing,Travel,2020-08-09,14474,17057
Operations,Salaries,2020-08-10,19790,18826
IT,Training,2020-08-10,10015,11325
Finance,Training,2020-08-10,9924,11700
Operations,Training,2020-08-11,10377,10580
HR,Training,2020-08-11,3670,3386
Finance,Software,2020-08-11,18456,16822
Marketing,Equipment,2020-08-12,19412,19840
Finance,Software,2020-08-12,7357,10276
IT,Travel,2020-08-13,8550,7355
HR,Travel,2020-08-13,9432,11713
Finance,Equipment,2020-08-13,14159,12940
Finance,Training,2020-08-14,19146,21794
HR,Software,2020-08-14,10889,8981
Finance,Travel,2020-08-15,6733,5429
Marketing,Training,2020-08-15,4402,4325
Marketing,Training,2020-08-16,9277,11477
Marketing,Travel,2020-08-16,16108,18661
Marketing,Travel,2020-08-17,4836,4023
Marketing,Equipment,2020-08-18,8670,6734
Finance,Salaries,2020-08-18,6800,5345
IT,Travel,2020-08-19,6621,6058
Finance,Training,2020-08-20,7223,9840
Marketing,Equipment,2020-08-20,18679,17379
HR,Software,2020-08-20,15686,16926
Marketing,Software,2020-08-20,12466,14867
IT,Training,2020-08-22,5260,7124
Marketing,Salaries,2020-08-22,19988,22001
HR,Equipment,2020-08-23,8779,11229
IT,Salaries,2020-08-23,11741,11781
Finance,Travel,2020-08-24,19166,21195
Finance,Equipment,2020-08-27,13610,16177
Operations,Software,2020-08-27,11179,12784
Operations,Software,2020-08-29,7605,5972
Marketing,Training,2020-08-29,6499,8739
Marketing,Travel,2020-08-30,11053,13174
IT,Salaries,2020-08-30,7617,9389
Marketing,Software,2020-08-31,12320,10611
Operations,Travel,2020-09-03,3834,2800
HR,Equipment,2020-09-03,15450,13852
Operations,Equipment,2020-09-04,17064,19207
Marketing,Salaries,2020-09-04,10852,12391
Marketing,Equipment,2020-09-04,18622,18238
Marketing,Salaries,2020-09-04,19833,19607
Finance,Salaries,2020-09-05,10469,11973
Finance,Travel,2020-09-05,15835,14007
Marketing,Travel,2020-09-05,6567,5732
IT,Equipment,2020-09-06,14782,14775
HR,Travel,2020-09-09,9283,7900
IT,Training,2020-09-11,3979,6346
HR,Salaries,2020-09-11,8510,10539
IT,Training,2020-09-13,13258,14055
Marketing,Travel,2020-09-14,19675,20234
Finance,Salaries,2020-09-14,7996,9637
Finance,Travel,2020-09-16,16888,19685
HR,Software,2020-09-16,9229,7447
Finance,Training,2020-09-16,19304,19542
IT,Training,2020-09-17,19686,18493
Operations,Travel,2020-09-17,10859,12085
Operations,Software,2020-09-18,9519,11418
IT,Training,2020-09-18,16157,16775
Operations,Salaries,2020-09-20,10690,12107
Finance,Software,2020-09-20,15653,16382
Marketing,Equipment,2020-09-20,19244,20358
IT,Software,2020-09-21,17368,20364
HR,Equipment,2020-09-21,18024,19313
Marketing,Software,2020-09-21,8444,9488
IT,Software,2020-09-22,15097,14039
IT,Equipment,2020-09-25,8162,7988
Finance,Training,2020-09-26,5530,8075
Finance,Software,2020-09-27,9915,8173
IT,Salaries,2020-09-27,15849,17698
Marketing,Training,2020-09-27,8562,11339
IT,Salaries,2020-09-30,12451,13305
Operations,Equipment,2020-10-01,7859,10422
HR,Software,2020-10-02,6471,6603
HR,Software,2020-10-02,19014,17372
Marketing,Training,2020-10-02,13126,15255
IT,Equipment,2020-10-03,16207,17342
Finance,Salaries,2020-10-03,11217,10941
IT,Travel,2020-10-03,14972,14130
HR,Equipment,2020-10-04,12831,14392
Marketing,Travel,2020-10-05,19386,18286
HR,Travel,2020-10-05,3412,1834
Operations,Training,2020-10-06,4759,4052
HR,Training,2020-10-06,5866,4974
Finance,Equipment,2020-10-07,9161,11606
HR,Training,2020-10-07,7592,6249
Operations,Software,2020-10-08,11699,13859
Finance,Equipment,2020-10-10,5623,7883
Marketing,Equipment,2020-10-11,10314,12524
Operations,Training,2020-10-12,11118,10705
Finance,Software,2020-10-14,18079,17704
HR,Training,2020-10-18,6245,7518
Finance,Software,2020-10-18,14044,13879
Operations,Software,2020-10-18,18012,20925
Operations,Equipment,2020-10-18,14384,13195
IT,Training,2020-10-19,18968,21835
Marketing,Training,2020-10-20,9508,8933
Operations,Training,2020-10-23,17228,19209
IT,Training,2020-10-23,17463,16175
HR,Training,2020-10-23,12770,14154
Finance,Training,2020-10-24,7912,10031
Operations,Training,2020-10-24,5839,5125
Marketing,Travel,2020-10-25,19747,18383
Marketing,Equipment,2020-10-25,12942,12370
HR,Travel,2020-10-25,8118,9211
Operations,Equipment,2020-10-26,15033,17913
Operations,Training,2020-10-28,8152,6740
HR,Software,2020-10-29,15315,13568
Finance,Software,2020-10-30,13983,16855
Marketing,Software,2020-10-31,6495,7359
HR,Travel,2020-11-01,5091,3827
Marketing,Software,2020-11-01,8889,9321
Marketing,Software,2020-11-02,3129,1202
HR,Software,2020-11-02,4017,5999
HR,Travel,2020-11-02,14821,13503
Finance,Training,2020-11-03,15761,18455
IT,Travel,2020-11-03,11710,10315
HR,Salaries,2020-11-05,4870,6703
HR,Software,2020-11-06,5084,5850
Finance,Salaries,2020-11-06,10453,8633
Finance,Travel,2020-11-07,5624,4911
IT,Salaries,2020-11-07,13345,16097
Operations,Salaries,2020-11-07,11462,10186
IT,Equipment,2020-11-08,18465,18667
Finance,Software,2020-11-09,14310,16617
IT,Training,2020-11-10,15646,15578
HR,Travel,2020-11-11,7295,8060
Marketing,Software,2020-11-12,7956,7377
HR,Software,2020-11-12,16091,17117
HR,Software,2020-11-13,19173,18871
HR,Salaries,2020-11-14,14775,17736
Operations,Software,2020-11-15,9788,12307
Marketing,Salaries,2020-11-16,16532,16861
HR,Equipment,2020-11-16,6345,6029
IT,Travel,2020-11-16,12435,13860
IT,Salaries,2020-11-17,7263,5263
IT,Salaries,2020-11-18,16403,16310
Marketing,Salaries,2020-11-18,19198,21687
Operations,Travel,2020-11-18,17916,17089
Marketing,Software,2020-11-19,10541,11389
IT,Equipment,2020-11-20,8786,9639
Marketing,Training,2020-11-20,15417,15811
Marketing,Equipment,2020-11-21,8513,8426
IT,Training,2020-11-21,13010,11972
Finance,Salaries,2020-11-23,9661,7894
Operations,Travel,2020-11-24,3542,3920
IT,Software,2020-11-24,4503,6434
Marketing,Salaries,2020-11-24,4795,6891
HR,Travel,2020-11-25,12766,11170
Operations,Travel,2020-11-26,19567,22446
Finance,Training,2020-11-26,15187,16194
IT,Training,2020-11-27,15623,15404
Marketing,Salaries,2020-11-27,3437,1720
HR,Salaries,2020-11-29,16394,16574
IT,Training,2020-11-30,18737,21498
HR,Salaries,2020-11-30,3154,3140
Operations,Equipment,2020-12-02,18587,18922
HR,Software,2020-12-03,19723,18036
IT,Travel,2020-12-04,13702,13223
Marketing,Software,2020-12-04,18277,19784
IT,Software,2020-12-05,12045,14755
IT,Software,2020-12-05,13854,11983
Finance,Software,2020-12-06,3914,4104
IT,Salaries,2020-12-06,19398,21991
HR,Software,2020-12-07,16010,14880
HR,Training,2020-12-07,16231,17510
Finance,Software,2020-12-09,8409,10469
Finance,Equipment,2020-12-10,15352,14711
IT,Equipment,2020-12-10,14016,14394
Marketing,Equipment,2020-12-10,4266,4896
IT,Training,2020-12-10,11997,12152
IT,Training,2020-12-12,3041,2531
HR,Software,2020-12-12,19060,19568
Finance,Salaries,2020-12-13,19434,20630
Operations,Travel,2020-12-14,17995,19255
HR,Equipment,2020-12-14,19734,20663
Operations,Training,2020-12-14,16157,18636
HR,Salaries,2020-12-15,11188,11784
Finance,Training,2020-12-15,13318,12078
HR,Salaries,2020-12-16,11996,10511
Operations,Software,2020-12-16,12638,14563
Operations,Equipment,2020-12-16,15340,15723
HR,Equipment,2020-12-18,3920,3302
Marketing,Travel,2020-12-19,12077,13582
HR,Equipment,2020-12-20,8397,9560
IT,Training,2020-12-20,15054,17895
HR,Salaries,2020-12-24,18902,17707
Finance,Salaries,2020-12-24,13012,15740
Marketing,Salaries,2020-12-24,8171,7720
Marketing,Software,2020-12-25,8058,8062
IT,Travel,2020-12-25,11803,11555
Marketing,Travel,2020-12-27,4696,4115
Operations,Salaries,2020-12-28,11150,9618
Operations,Software,2020-12-28,15084,16729
IT,Travel,2020-12-29,7021,8259
Operations,Training,2020-12-29,19419,20802
Finance,Salaries,2020-12-30,6563,7547
HR,Training,2020-12-30,13865,16086
Finance,Salaries,2020-12-30,16709,18641
IT,Software,2020-12-30,9814,10235
IT,Travel,2021-01-01,5464,4614
IT,Equipment,2021-01-01,8598,9972
Operations,Software,2021-01-01,11388,10363
Finance,Travel,2021-01-03,6410,6247
HR,Software,2021-01-03,4701,6280
Operations,Software,2021-01-03,6052,4080
HR,Travel,2021-01-06,4220,6926
Marketing,Travel,2021-01-06,3527,2286
Operations,Travel,2021-01-08,13773,13778
Marketing,Salaries,2021-01-08,8933,10580
Marketing,Travel,2021-01-08,12935,14017
Finance,Software,2021-01-09,5683,6467
HR,Salaries,2021-01-10,18465,18378
IT,Software,2021-01-11,18566,19716
Operations,Software,2021-01-12,14557,16884
Finance,Software,2021-01-13,17463,15921
IT,Software,2021-01-13,13891,14073
Finance,Travel,2021-01-14,6743,8860
IT,Travel,2021-01-15,15674,18479
Operations,Software,2021-01-16,9101,9066
Finance,Travel,2021-01-17,19668,19441
Operations,Salaries,2021-01-18,16531,18345
Marketing,Salaries,2021-01-19,5579,4041
IT,Travel,2021-01-20,14973,17486
Finance,Software,2021-01-20,5488,7328
Operations,Training,2021-01-20,16641,17601
Operations,Salaries,2021-01-21,17399,18177
Operations,Salaries,2021-01-22,10978,9209
IT,Salaries,2021-01-23,16785,18396
HR,Training,2021-01-24,6066,7075
Finance,Travel,2021-01-25,17326,19905
IT,Training,2021-01-25,6712,7038
Operations,Salaries,2021-01-25,7448,6703
Operations,Software,2021-01-26,9892,12174
Finance,Training,2021-01-27,13386,15778
Marketing,Salaries,2021-01-27,15807,16164
Operations,Training,2021-01-27,15548,16497
Marketing,Travel,2021-01-27,15840,14475
Operations,Equipment,2021-01-30,19371,19353
Finance,Salaries,2021-01-30,18879,18401
Finance,Equipment,2021-01-30,15416,14998
IT,Training,2021-01-30,18350,17855
Operations,Salaries,2021-01-31,19465,18485
Marketing,Salaries,2021-02-01,8642,7605
IT,Salaries,2021-02-02,6552,8928
HR,Training,2021-02-03,11628,11904
IT,Equipment,2021-02-03,13409,13220
HR,Training,2021-02-03,5054,8016
Operations,Training,2021-02-04,12857,11575
Marketing,Salaries,2021-02-05,16783,16419
IT,Salaries,2021-02-05,5885,7357
Operations,Salaries,2021-02-05,6826,6456
Marketing,Training,2021-02-05,13606,14312
Finance,Training,2021-02-06,5707,7236
Operations,Travel,2021-02-07,16274,18059
IT,Training,2021-02-08,12558,11048
Operations,Software,2021-02-08,16405,19140
HR,Software,2021-02-08,8460,9718
Finance,Software,2021-02-08,8425,7783
Operations,Training,2021-02-09,18651,20280
Finance,Equipment,2021-02-10,13815,16573
Finance,Training,2021-02-11,13395,13470
IT,Salaries,2021-02-11,17755,20300
HR,Software,2021-02-11,7899,8494
Finance,Equipment,2021-02-12,3737,2848
Marketing,Equipment,2021-02-13,6019,8129
HR,Training,2021-02-14,5297,6286
HR,Equipment,2021-02-17,7215,5665
Finance,Software,2021-02-17,7508,7739
IT,Training,2021-02-19,7685,9409
IT,Software,2021-02-19,11609,13540
Operations,Salaries,2021-02-19,10172,10271
Operations,Equipment,2021-02-19,4844,7581
Marketing,Travel,2021-02-20,9463,11047
Operations,Equipment,2021-02-20,11511,9575
Finance,Training,2021-02-20,14979,15340
Finance,Training,2021-02-20,15663,14387
IT,Salaries,2021-02-20,8766,10250
Marketing,Software,2021-02-22,19430,19903
HR,Equipment,2021-02-22,8817,7760
Operations,Salaries,2021-02-22,15651,16726
Marketing,Travel,2021-02-23,3371,2309
Operations,Software,2021-02-23,18880,20993
Marketing,Software,2021-02-23,12326,10640
Operations,Training,2021-02-23,9778,10654
Operations,Software,2021-02-23,12903,11687
Finance,Software,2021-02-24,7430,9629
Finance,Salaries,2021-02-24,5675,7223
HR,Travel,2021-02-24,17856,20712
HR,Travel,2021-02-25,6408,8370
Marketing,Equipment,2021-02-26,7163,6836
Marketing,Salaries,2021-02-27,5612,8004
HR,Equipment,2021-02-28,6910,7868
Finance,Equipment,2021-02-28,19686,22070
Operations,Salaries,2021-03-01,18048,19500
Marketing,Training,2021-03-01,6036,8060
HR,Equipment,2021-03-02,18933,20607
Marketing,Training,2021-03-02,12247,15121
Finance,Travel,2021-03-04,12770,12878
Operations,Software,2021-03-05,5808,3852
IT,Equipment,2021-03-06,17452,16207
IT,Salaries,2021-03-06,17603,20360
Marketing,Salaries,2021-03-07,15176,17493
Operations,Software,2021-03-07,7779,7804
HR,Training,2021-03-07,8606,10057
IT,Equipment,2021-03-09,3826,6156
Operations,Travel,2021-03-09,10740,9537
HR,Salaries,2021-03-10,7450,5690
Marketing,Salaries,2021-03-10,19969,22908
Finance,Salaries,2021-03-12,14626,15007
HR,Equipment,2021-03-12,6327,8514
Operations,Equipment,2021-03-12,17575,18713
HR,Travel,2021-03-13,4890,7391
HR,Salaries,2021-03-15,4019,5607
Finance,Training,2021-03-16,12155,10180
Operations,Software,2021-03-17,16626,18006
Finance,Travel,2021-03-17,4067,5355
Marketing,Software,2021-03-18,10758,10546
Finance,Travel,2021-03-19,12880,11437
Finance,Training,2021-03-19,4860,3121
IT,Travel,2021-03-21,17254,17223
Finance,Equipment,2021-03-22,15340,17626
Finance,Salaries,2021-03-23,3080,1723
IT,Travel,2021-03-23,5108,4602
Finance,Software,2021-03-23,18433,17870
Finance,Equipment,2021-03-24,9573,8076
Marketing,Travel,2021-03-25,5555,5108
HR,Travel,2021-03-27,3194,4791
HR,Training,2021-03-27,18512,19106
Finance,Equipment,2021-03-27,13085,12808
Finance,Salaries,2021-03-28,11714,13154
Marketing,Salaries,2021-03-28,7888,8565
Operations,Salaries,2021-03-29,5196,4634
Finance,Training,2021-03-29,15409,17749
HR,Salaries,2021-03-29,15765,16036
Operations,Equipment,2021-03-29,17979,20385
IT,Software,2021-03-29,7620,7667
IT,Training,2021-03-30,12067,10127
Finance,Equipment,2021-03-31,8779,8620
IT,Travel,2021-03-31,19618,18423
Operations,Salaries,2021-04-01,13216,11960
Operations,Travel,2021-04-01,11241,12668
Finance,Equipment,2021-04-02,15204,15061
Operations,Software,2021-04-02,4020,2547
Operations,Software,2021-04-03,10981,11286
Operations,Travel,2021-04-03,3169,1434
Finance,Travel,2021-04-03,13254,11284
Finance,Travel,2021-04-03,6193,4989
Marketing,Training,2021-04-05,15305,15882
Finance,Salaries,2021-04-05,13630,13239
Operations,Equipment,2021-04-06,5340,5101
Finance,Travel,2021-04-06,4784,2875
IT,Software,2021-04-07,11735,12717
Finance,Travel,2021-04-08,3296,5758
Operations,Travel,2021-04-09,5172,7159
IT,Equipment,2021-04-09,10072,8513
Operations,Software,2021-04-10,11671,10819
IT,Software,2021-04-10,11557,11727
IT,Equipment,2021-04-11,17451,16052
Operations,Equipment,2021-04-11,10613,11598
IT,Equipment,2021-04-11,18623,17623
Finance,Travel,2021-04-12,17005,16268
IT,Equipment,2021-04-12,10604,11833
Marketing,Software,2021-04-13,6324,5687
IT,Training,2021-04-13,3490,2668
HR,Travel,2021-04-14,6257,8786
IT,Equipment,2021-04-14,6771,9291
Operations,Software,2021-04-14,6818,5925
Operations,Software,2021-04-15,8454,6519
HR,Salaries,2021-04-17,16717,19143
HR,Training,2021-04-17,13975,16304
HR,Training,2021-04-17,10338,9973
HR,Software,2021-04-19,9100,7622
Finance,Travel,2021-04-19,18201,17205
Operations,Training,2021-04-20,11912,14646
IT,Training,2021-04-22,13914,16101
HR,Travel,2021-04-22,14231,12536
HR,Salaries,2021-04-22,14813,13090
IT,Training,2021-04-23,8972,8358
Marketing,Training,2021-04-23,5055,5760
HR,Salaries,2021-04-24,15299,16972
HR,Software,2021-04-25,13239,13242
IT,Equipment,2021-04-28,8694,11393
HR,Salaries,2021-04-29,16583,18769
HR,Training,2021-04-30,8010,6482
Marketing,Travel,2021-05-01,4623,5790
IT,Software,2021-05-02,9110,10876
Operations,Salaries,2021-05-03,19501,20269
Operations,Equipment,2021-05-04,19850,18734
Finance,Training,2021-05-05,17942,18948
HR,Training,2021-05-05,5514,5759
IT,Salaries,2021-05-06,16702,15423
IT,Software,2021-05-06,7840,9310
Finance,Travel,2021-05-07,4446,7243
Operations,Training,2021-05-08,8690,8687
Operations,Salaries,2021-05-08,7745,7303
Marketing,Equipment,2021-05-11,17947,18602
Operations,Travel,2021-05-13,16168,14566
IT,Salaries,2021-05-14,19627,20091
Marketing,Equipment,2021-05-14,4658,7653
Marketing,Software,2021-05-14,13709,13874
IT,Software,2021-05-16,12166,13945
Operations,Equipment,2021-05-16,11729,12770
HR,Salaries,2021-05-16,12128,10597
Operations,Software,2021-05-18,11011,10534
IT,Software,2021-05-18,14251,12509
HR,Training,2021-05-18,4356,5855
Operations,Travel,2021-05-19,7096,7148
Operations,Travel,2021-05-19,6689,8152
Operations,Salaries,2021-05-20,17970,17811
IT,Travel,2021-05-21,3330,5761
HR,Travel,2021-05-22,4663,5421
Finance,Equipment,2021-05-23,6286,8466
Operations,Software,2021-05-23,13574,15340
Finance,Equipment,2021-05-23,6190,7294
Operations,Software,2021-05-25,7972,8439
HR,Equipment,2021-05-27,3602,2013
IT,Software,2021-05-27,11293,10229
Operations,Training,2021-05-28,10267,11575
HR,Travel,2021-05-28,10548,13492
HR,Software,2021-05-28,18771,19811
Marketing,Equipment,2021-05-29,17982,17765
HR,Training,2021-05-30,6882,7690
IT,Training,2021-05-30,7505,7635
Operations,Software,2021-05-31,19356,19349
IT,Training,2021-05-31,14719,13754
HR,Salaries,2021-06-01,6473,8056
Marketing,Training,2021-06-03,16469,18196
Finance,Training,2021-06-04,3861,4308
IT,Salaries,2021-06-05,8667,9076
HR,Travel,2021-06-05,17977,18438
HR,Software,2021-06-06,4042,5240
Marketing,Training,2021-06-06,6763,9069
IT,Equipment,2021-06-06,10480,12905
Operations,Travel,2021-06-07,15161,14603
Finance,Software,2021-06-07,13587,15524
Finance,Training,2021-06-10,15105,15149
IT,Training,2021-06-10,8068,6357
Finance,Equipment,2021-06-10,4850,3219
Marketing,Salaries,2021-06-11,11653,10459
Operations,Equipment,2021-06-11,12178,14893
HR,Software,2021-06-12,10680,10260
IT,Salaries,2021-06-13,16528,17290
Marketing,Equipment,2021-06-14,3576,5119
Marketing,Training,2021-06-14,16336,18937
Marketing,Travel,2021-06-17,5075,5974
IT,Software,2021-06-19,12276,11946
IT,Software,2021-06-19,17769,18580
Operations,Software,2021-06-21,18703,16888
HR,Salaries,2021-06-21,10469,10989
Marketing,Salaries,2021-06-21,14961,15508
Operations,Travel,2021-06-22,14982,14568
Finance,Travel,2021-06-23,12905,11442
Marketing,Equipment,2021-06-23,12320,12675
Operations,Equipment,2021-06-23,3757,2509
IT,Equipment,2021-06-23,14789,14611
Finance,Training,2021-06-23,3228,2737
Finance,Software,2021-06-23,4511,6087
IT,Training,2021-06-25,7842,5862
Marketing,Salaries,2021-06-25,18384,21221
Operations,Salaries,2021-06-25,13546,13113
Marketing,Equipment,2021-06-26,10016,12935
Finance,Salaries,2021-06-27,5932,8853
Finance,Equipment,2021-06-28,6683,8278
Operations,Travel,2021-06-30,13654,14031
Finance,Software,2021-06-30,3531,3565
Marketing,Software,2021-07-01,10972,11696
Operations,Training,2021-07-01,17547,18920
HR,Travel,2021-07-03,11935,11151
Operations,Travel,2021-07-05,8214,8663
Finance,Training,2021-07-05,11898,14472
Finance,Software,2021-07-06,4378,5362
HR,Travel,2021-07-06,18013,20920
HR,Training,2021-07-06,4194,3878
Finance,Travel,2021-07-06,5944,5511
IT,Software,2021-07-08,11958,12912
Finance,Salaries,2021-07-10,19128,20987
HR,Training,2021-07-10,18328,20518
IT,Travel,2021-07-11,18011,16163
IT,Salaries,2021-07-11,17572,19231
Finance,Training,2021-07-11,16445,18756
HR,Software,2021-07-11,3993,2614
HR,Travel,2021-07-11,6319,4960
HR,Training,2021-07-12,4902,3249
Finance,Training,2021-07-12,7361,5702
IT,Training,2021-07-12,17354,16221
IT,Training,2021-07-13,11512,11529
Operations,Salaries,2021-07-14,3612,3088
Marketing,Training,2021-07-17,5452,4443
HR,Equipment,2021-07-18,15927,16673
IT,Salaries,2021-07-19,13214,15853
Marketing,Travel,2021-07-20,6667,6812
Finance,Travel,2021-07-20,16187,17946
Marketing,Equipment,2021-07-21,18522,17698
HR,Travel,2021-07-22,9416,7627
Operations,Software,2021-07-22,14899,13642
HR,Training,2021-07-22,3896,2582
Finance,Equipment,2021-07-22,10690,13333
HR,Salaries,2021-07-24,17385,15807
IT,Travel,2021-07-24,14937,16585
Operations,Salaries,2021-07-26,15222,18125
IT,Travel,2021-07-26,4749,6722
IT,Travel,2021-07-28,9518,11537
HR,Salaries,2021-07-29,15242,16134
Marketing,Equipment,2021-07-30,10659,10568
HR,Equipment,2021-07-30,3462,4334
Finance,Travel,2021-07-30,5109,6657
HR,Travel,2021-08-01,8135,6145
Finance,Salaries,2021-08-01,7209,8137
Finance,Salaries,2021-08-02,17547,19053
Operations,Software,2021-08-07,19869,20862
IT,Software,2021-08-11,4021,5346
HR,Salaries,2021-08-12,9664,11283
Marketing,Training,2021-08-12,9455,10072
Operations,Salaries,2021-08-13,7473,5925
IT,Training,2021-08-13,13341,14412
Operations,Travel,2021-08-13,10876,13052
Finance,Equipment,2021-08-13,13052,11133
IT,Equipment,2021-08-14,5216,6117
Marketing,Software,2021-08-14,19467,19038
HR,Salaries,2021-08-14,7600,5871
Finance,Travel,2021-08-15,4852,7045
Operations,Travel,2021-08-16,7010,9395
Operations,Salaries,2021-08-16,7344,9653
Operations,Salaries,2021-08-16,5608,6858
Marketing,Software,2021-08-17,16596,17589
HR,Equipment,2021-08-18,3247,5064
Finance,Travel,2021-08-20,6743,6195
IT,Equipment,2021-08-20,9911,11269
IT,Salaries,2021-08-21,8538,10626
HR,Travel,2021-08-22,15283,17706
Operations,Software,2021-08-23,8485,7124
Operations,Training,2021-08-25,16451,17888
Operations,Software,2021-08-26,15054,14970
Marketing,Salaries,2021-08-28,10094,8404
Operations,Software,2021-08-28,17496,15531
IT,Equipment,2021-08-30,15758,16323
Finance,Travel,2021-08-30,6446,7844
Marketing,Travel,2021-08-31,4729,4447
IT,Travel,2021-09-01,15126,16945
Operations,Training,2021-09-01,4572,2706
IT,Travel,2021-09-02,7024,9937
HR,Software,2021-09-06,15156,17471
Operations,Training,2021-09-06,17288,19922
IT,Equipment,2021-09-07,17550,17712
Operations,Equipment,2021-09-07,15965,17705
Operations,Training,2021-09-09,11419,12411
Finance,Equipment,2021-09-09,18723,20471
Finance,Travel,2021-09-12,12163,14194
Operations,Equipment,2021-09-12,11399,11865
Finance,Training,2021-09-13,7801,9125
HR,Equipment,2021-09-15,4900,3469
Operations,Travel,2021-09-15,17661,17937
HR,Equipment,2021-09-16,8398,10066
Marketing,Equipment,2021-09-16,9391,11420
Operations,Salaries,2021-09-16,17140,16408
HR,Salaries,2021-09-16,19486,18418
Finance,Salaries,2021-09-16,8114,7077
HR,Salaries,2021-09-16,4131,2415
HR,Travel,2021-09-18,13088,15440
Marketing,Equipment,2021-09-18,15799,15746
Operations,Software,2021-09-19,7099,7887
Operations,Salaries,2021-09-19,8336,9576
Finance,Software,2021-09-19,5705,7240
Marketing,Equipment,2021-09-19,4307,6969
HR,Software,2021-09-20,14498,16901
HR,Equipment,2021-09-20,5719,7229
IT,Salaries,2021-09-22,19122,17322
Marketing,Salaries,2021-09-23,16667,16447
Finance,Travel,2021-09-23,11760,14394
IT,Training,2021-09-25,5485,7278
Marketing,Equipment,2021-09-27,10462,10456
Finance,Equipment,2021-09-27,16086,15766
Marketing,Training,2021-09-27,5107,3477
HR,Software,2021-09-28,19220,21577
Finance,Equipment,2021-09-28,7245,6212
HR,Equipment,2021-09-29,12464,14613
HR,Training,2021-09-29,7683,6840
IT,Travel,2021-09-29,14013,12171
Operations,Training,2021-09-29,8010,9714
HR,Travel,2021-09-30,19281,21592
Finance,Travel,2021-10-01,13855,13916
IT,Software,2021-10-01,14892,16029
Operations,Salaries,2021-10-02,3748,4344
HR,Software,2021-10-04,18672,19848
Finance,Software,2021-10-04,11699,13651
IT,Travel,2021-10-05,10308,11023
IT,Equipment,2021-10-05,13710,16104
Marketing,Training,2021-10-05,8353,8170
HR,Salaries,2021-10-05,14819,17167
Finance,Software,2021-10-06,7019,5609
HR,Travel,2021-10-06,16446,19120
IT,Salaries,2021-10-06,15792,14069
Operations,Training,2021-10-07,14231,14294
HR,Salaries,2021-10-08,12596,13632
Finance,Travel,2021-10-09,10527,13297
Finance,Equipment,2021-10-09,3996,6126
Finance,Travel,2021-10-10,9702,12605
HR,Equipment,2021-10-10,19158,17249
Finance,Salaries,2021-10-12,5650,5934
HR,Training,2021-10-13,5272,3617
IT,Salaries,2021-10-13,15084,15332
Finance,Travel,2021-10-14,15292,13987
HR,Equipment,2021-10-14,9456,8815
Finance,Training,2021-10-14,19170,21366
HR,Salaries,2021-10-14,6814,8293
Finance,Salaries,2021-10-14,6122,5667
Marketing,Equipment,2021-10-15,5718,7626
Finance,Software,2021-10-16,6904,7159
HR,Travel,2021-10-17,15608,17112
HR,Training,2021-10-18,12131,15131
IT,Equipment,2021-10-20,15053,17442
IT,Training,2021-10-21,8547,6815
IT,Travel,2021-10-22,7187,9035
IT,Software,2021-10-24,16290,17173
Finance,Travel,2021-10-24,10349,11233
HR,Training,2021-10-25,10944,10678
Marketing,Salaries,2021-10-25,5945,7147
Finance,Software,2021-10-25,5270,6205
HR,Salaries,2021-10-26,6872,7260
Marketing,Equipment,2021-10-27,10252,9069
HR,Travel,2021-10-28,18733,20925
IT,Travel,2021-10-29,18580,21339
HR,Training,2021-10-30,6841,7635
HR,Travel,2021-10-30,10686,9484
Marketing,Software,2021-11-01,16895,16265
Operations,Travel,2021-11-01,4948,4261
Finance,Training,2021-11-03,6371,5831
Marketing,Software,2021-11-03,10650,9532
Operations,Salaries,2021-11-04,19809,22163
Operations,Travel,2021-11-07,9133,10005
HR,Training,2021-11-08,14701,12848
Operations,Salaries,2021-11-09,18057,19330
IT,Salaries,2021-11-10,16284,18188
Marketing,Salaries,2021-11-10,5912,5499
Operations,Equipment,2021-11-11,6799,5795
Marketing,Travel,2021-11-12,12374,14038
Marketing,Software,2021-11-12,19418,21999
Finance,Travel,2021-11-12,17148,16340
Finance,Equipment,2021-11-12,18036,18312
Marketing,Travel,2021-11-13,12717,11005
Marketing,Training,2021-11-13,9474,10785
IT,Training,2021-11-14,15660,17971
Marketing,Software,2021-11-16,16074,14754
Finance,Travel,2021-11-16,3865,2193
HR,Travel,2021-11-17,12842,14096
IT,Equipment,2021-11-18,19458,20729
Marketing,Equipment,2021-11-19,11545,11839
HR,Travel,2021-11-20,12213,11365
Marketing,Travel,2021-11-21,10145,8488
HR,Travel,2021-11-23,19335,20934
HR,Equipment,2021-11-23,15246,18215
HR,Software,2021-11-23,4078,5139
HR,Travel,2021-11-23,4646,3404
Finance,Software,2021-11-24,19023,17169
HR,Equipment,2021-11-26,19635,18369
Operations,Training,2021-11-28,18592,20990
Operations,Salaries,2021-11-28,12706,14669
Marketing,Equipment,2021-11-29,15812,15078
Finance,Training,2021-12-01,19718,20359
IT,Equipment,2021-12-02,19228,21621
Marketing,Travel,2021-12-03,3510,6301
Operations,Travel,2021-12-05,11517,13651
Operations,Training,2021-12-06,3443,5952
Operations,Travel,2021-12-06,9123,12003
HR,Training,2021-12-07,12099,10331
IT,Travel,2021-12-08,18687,19418
Finance,Training,2021-12-09,14381,14365
IT,Travel,2021-12-09,11433,10337
Marketing,Software,2021-12-09,16139,16319
Finance,Salaries,2021-12-09,18885,19882
HR,Travel,2021-12-10,17436,18340
IT,Equipment,2021-12-10,10213,10552
HR,Software,2021-12-11,16902,17212
HR,Salaries,2021-12-11,4054,5775
Marketing,Equipment,2021-12-12,6668,8025
IT,Equipment,2021-12-14,14951,13359
IT,Software,2021-12-14,10223,8557
Operations,Equipment,2021-12-16,18273,18386
HR,Equipment,2021-12-16,9540,12471
Operations,Equipment,2021-12-16,11948,13560
HR,Travel,2021-12-18,3025,3242
HR,Training,2021-12-19,9131,9191
Finance,Training,2021-12-19,17491,16155
Marketing,Software,2021-12-21,3532,4894
IT,Equipment,2021-12-21,7546,7346
Finance,Salaries,2021-12-21,9310,8909
Marketing,Travel,2021-12-21,11444,13744
Operations,Travel,2021-12-22,16464,15788
HR,Equipment,2021-12-22,11725,10835
Finance,Training,2021-12-24,16362,15651
Operations,Software,2021-12-24,3402,1972
Marketing,Training,2021-12-24,16223,14264
Operations,Salaries,2021-12-25,13136,15377
Finance,Software,2021-12-25,18325,16415
Marketing,Equipment,2021-12-25,3599,4533
HR,Salaries,2021-12-26,17172,15183
Operations,Salaries,2021-12-27,6497,6002
Marketing,Training,2021-12-28,5454,6198
Finance,Software,2021-12-29,19399,20971
HR,Training,2022-01-02,13456,14738
Operations,Software,2022-01-02,10011,9753
Finance,Equipment,2022-01-04,16926,16605
Finance,Travel,2022-01-04,15469,18424
Finance,Salaries,2022-01-05,16914,16318
IT,Training,2022-01-05,5882,4970
Operations,Training,2022-01-05,15093,14408
Marketing,Software,2022-01-06,14043,13127
IT,Training,2022-01-06,3830,5440
Marketing,Equipment,2022-01-07,14727,14434
Finance,Salaries,2022-01-08,14570,15836
HR,Equipment,2022-01-09,19907,19865
Finance,Training,2022-01-09,3797,3339
IT,Travel,2022-01-09,8597,10836
Finance,Salaries,2022-01-10,15185,15524
Operations,Travel,2022-01-12,14412,13152
HR,Salaries,2022-01-12,5897,4412
Finance,Software,2022-01-12,12465,14963
HR,Software,2022-01-12,3446,6239
Operations,Travel,2022-01-14,14826,13158
IT,Training,2022-01-14,14479,15493
HR,Software,2022-01-15,5585,6091
Operations,Equipment,2022-01-16,7163,6084
Operations,Equipment,2022-01-17,18795,17388
IT,Salaries,2022-01-17,16361,17113
HR,Software,2022-01-18,13176,12272
IT,Training,2022-01-19,11501,10077
HR,Travel,2022-01-20,17930,18261
IT,Software,2022-01-23,16120,14430
Operations,Salaries,2022-01-25,14008,15272
HR,Equipment,2022-01-28,17759,17820
Operations,Software,2022-01-29,15627,15102
Finance,Travel,2022-01-30,3957,2640
Operations,Equipment,2022-01-30,19153,20516
HR,Software,2022-01-31,14923,13094
IT,Travel,2022-01-31,19040,17119
IT,Travel,2022-01-31,14722,16519
Marketing,Training,2022-02-02,15561,16076
Marketing,Software,2022-02-03,3409,6066
Marketing,Equipment,2022-02-04,4796,3205
Finance,Salaries,2022-02-04,10144,9964
IT,Software,2022-02-05,8544,8798
IT,Travel,2022-02-06,10048,8175
Operations,Equipment,2022-02-06,10021,11567
IT,Salaries,2022-02-06,6361,5776
IT,Training,2022-02-07,6742,9020
Operations,Software,2022-02-10,11216,12985
Operations,Training,2022-02-11,6480,4852
HR,Equipment,2022-02-11,14976,14293
HR,Software,2022-02-12,18569,21525
Operations,Training,2022-02-12,7802,10281
Operations,Equipment,2022-02-13,6474,9137
Operations,Equipment,2022-02-14,3330,4924
IT,Equipment,2022-02-15,15786,17084
HR,Training,2022-02-17,10460,9153
Marketing,Salaries,2022-02-17,6993,6787
Operations,Software,2022-02-18,13153,13583
Operations,Training,2022-02-18,18294,18138
IT,Equipment,2022-02-20,18155,16546
Operations,Salaries,2022-02-20,10528,9251
Marketing,Travel,2022-02-20,3671,2796
HR,Travel,2022-02-21,13642,15685
IT,Training,2022-02-22,5249,5520
IT,Software,2022-02-23,12795,13690
HR,Salaries,2022-02-24,11127,13406
IT,Equipment,2022-02-24,18483,20764
HR,Travel,2022-02-24,12778,11838
IT,Software,2022-02-25,5049,6201
HR,Training,2022-02-25,12936,14301
IT,Salaries,2022-02-26,14301,17054
HR,Travel,2022-02-26,4686,7547
Operations,Equipment,2022-02-28,17788,20096
Operations,Software,2022-03-01,6301,5796
IT,Equipment,2022-03-02,9620,9775
Marketing,Training,2022-03-02,7260,8958
IT,Training,2022-03-03,16186,18634
Operations,Equipment,2022-03-03,13524,16301
Marketing,Software,2022-03-05,5641,7285
Marketing,Salaries,2022-03-06,3153,2712
Operations,Training,2022-03-06,8197,10974
HR,Travel,2022-03-07,12237,14648
Marketing,Training,2022-03-07,19538,19086
Operations,Salaries,2022-03-08,16441,14986
Finance,Training,2022-03-08,10341,13309
HR,Software,2022-03-08,18851,20799
Finance,Training,2022-03-08,18895,20909
IT,Software,2022-03-10,10781,11136
Operations,Software,2022-03-10,3156,2903
IT,Travel,2022-03-11,9002,7697
HR,Salaries,2022-03-11,3877,4683
Operations,Travel,2022-03-11,14163,13157
IT,Salaries,2022-03-12,3479,3320
Operations,Salaries,2022-03-12,15241,14809
Operations,Travel,2022-03-12,15091,14569
Marketing,Travel,2022-03-13,17550,16633
HR,Salaries,2022-03-14,5976,8738
HR,Salaries,2022-03-14,3951,3556
HR,Equipment,2022-03-15,7751,7468
Operations,Salaries,2022-03-16,10897,10712
Marketing,Equipment,2022-03-16,11471,11592
Marketing,Salaries,2022-03-16,8719,7479
IT,Training,2022-03-17,9971,10747
HR,Travel,2022-03-18,19134,21449
HR,Salaries,2022-03-18,12247,12377
Finance,Salaries,2022-03-19,4571,7473
Operations,Equipment,2022-03-19,5866,8314
IT,Training,2022-03-19,9856,8282
Finance,Software,2022-03-19,4605,6367
Operations,Software,2022-03-20,11298,9829
Operations,Software,2022-03-21,19149,20631
HR,Training,2022-03-22,5898,7563
Operations,Salaries,2022-03-23,18889,19219
Operations,Salaries,2022-03-23,14083,15135
IT,Training,2022-03-25,11618,11252
Marketing,Equipment,2022-03-25,12997,11375
IT,Training,2022-03-27,13219,12654
Operations,Equipment,2022-03-27,8172,8452
Operations,Software,2022-03-28,3014,5569
HR,Training,2022-03-29,14096,15877
Operations,Travel,2022-03-30,15142,14145
HR,Salaries,2022-03-30,9663,10207
Operations,Software,2022-03-30,16301,18652
HR,Training,2022-03-30,11654,13624
Marketing,Salaries,2022-03-31,7929,6705
Marketing,Software,2022-04-01,8755,9856
Finance,Software,2022-04-03,6884,8874
HR,Travel,2022-04-04,7196,6746
Marketing,Travel,2022-04-06,17764,18440
HR,Training,2022-04-07,10408,10864
IT,Equipment,2022-04-07,5972,5116
IT,Travel,2022-04-09,16853,17198
Finance,Training,2022-04-09,4659,6175
IT,Training,2022-04-11,4228,6793
Finance,Equipment,2022-04-11,15430,14145
Finance,Equipment,2022-04-11,12030,12703
Marketing,Travel,2022-04-11,16558,15606
Marketing,Equipment,2022-04-11,12949,11600
Operations,Training,2022-04-12,5094,3382
Operations,Software,2022-04-12,4521,4501
HR,Salaries,2022-04-14,15356,15315
Marketing,Training,2022-04-17,4707,4588
Operations,Training,2022-04-18,19320,22201
IT,Travel,2022-04-18,19628,17753
HR,Software,2022-04-21,3160,3999
Marketing,Equipment,2022-04-22,16073,14418
Marketing,Salaries,2022-04-23,18164,16899
Finance,Salaries,2022-04-23,5474,3868
Marketing,Salaries,2022-04-24,4151,5965
HR,Equipment,2022-04-24,13655,12572
Marketing,Software,2022-04-24,14076,14041
Finance,Travel,2022-04-25,7379,6651
IT,Equipment,2022-04-25,15337,13867
Marketing,Equipment,2022-04-26,15130,14643
Marketing,Training,2022-04-26,15544,17348
Operations,Software,2022-04-28,3923,5873
Operations,Travel,2022-04-28,16886,17101
Marketing,Software,2022-04-28,7810,7574
IT,Software,2022-04-28,19792,18504
Marketing,Training,2022-04-29,14583,15046
IT,Software,2022-05-01,17919,17406
HR,Salaries,2022-05-01,9067,11197
Operations,Salaries,2022-05-01,17525,18452
Finance,Equipment,2022-05-01,17810,16046
Operations,Equipment,2022-05-01,8325,10484
IT,Salaries,2022-05-01,14253,15890
Marketing,Equipment,2022-05-02,18473,19493
Finance,Salaries,2022-05-02,12602,12016
Operations,Training,2022-05-03,15465,17178
IT,Salaries,2022-05-04,17671,19110
Marketing,Equipment,2022-05-06,6835,5014
IT,Software,2022-05-07,19597,20471
HR,Equipment,2022-05-07,8928,11818
IT,Training,2022-05-08,18371,17753
Finance,Equipment,2022-05-09,8469,10601
HR,Software,2022-05-09,18981,20264
Operations,Software,2022-05-10,4767,6784
HR,Training,2022-05-10,4885,6064
Marketing,Salaries,2022-05-10,17807,20806
HR,Salaries,2022-05-11,11226,13939
IT,Salaries,2022-05-12,19482,18688
HR,Travel,2022-05-12,7421,8620
Finance,Salaries,2022-05-12,7268,6568
Finance,Software,2022-05-14,19653,18815
Finance,Equipment,2022-05-15,14801,13492
Operations,Travel,2022-05-16,8253,7077
HR,Software,2022-05-18,9288,10870
Marketing,Salaries,2022-05-19,18793,18105
Marketing,Equipment,2022-05-20,16050,16277
Finance,Equipment,2022-05-21,14877,13630
Finance,Salaries,2022-05-21,15636,17723
IT,Salaries,2022-05-21,12048,11128
Marketing,Travel,2022-05-22,10939,13908
HR,Salaries,2022-05-22,6756,4773
IT,Equipment,2022-05-23,5690,7615
Operations,Travel,2022-05-23,5045,4164
HR,Software,2022-05-25,3757,5497
Operations,Travel,2022-05-27,10517,9735
Operations,Software,2022-05-27,11387,10866
Operations,Salaries,2022-05-28,12224,13494
Marketing,Training,2022-05-28,4967,5171
Finance,Equipment,2022-05-28,9903,11941
HR,Equipment,2022-05-29,19125,20607
Operations,Training,2022-05-29,4875,3758
Marketing,Salaries,2022-05-30,9252,9948
IT,Software,2022-05-30,14281,16580
Operations,Salaries,2022-05-31,3252,1652
Operations,Software,2022-05-31,13603,12374
Finance,Travel,2022-05-31,3161,5194
IT,Travel,2022-05-31,13910,13136
HR,Training,2022-06-02,19610,21415
Marketing,Software,2022-06-03,13442,14783
IT,Training,2022-06-03,8482,10322
HR,Equipment,2022-06-04,13877,15988
Marketing,Travel,2022-06-04,9119,10715
Finance,Salaries,2022-06-04,18754,20005
HR,Training,2022-06-05,14377,13800
Finance,Training,2022-06-05,10148,12153
Finance,Travel,2022-06-05,4465,6803
Finance,Salaries,2022-06-06,14126,14950
Finance,Training,2022-06-06,5107,6818
Marketing,Salaries,2022-06-06,10183,8403
IT,Software,2022-06-06,10674,9254
Operations,Training,2022-06-07,19282,18704
Finance,Equipment,2022-06-08,5463,4232
Marketing,Software,2022-06-08,9495,7674
Operations,Software,2022-06-09,6676,9326
Finance,Training,2022-06-09,4507,4915
Finance,Salaries,2022-06-10,11252,9638
Marketing,Travel,2022-06-10,5456,7327
IT,Training,2022-06-10,13768,12566
IT,Software,2022-06-11,7027,9344
Finance,Travel,2022-06-11,11411,13135
IT,Software,2022-06-16,17460,19936
HR,Travel,2022-06-16,3477,4811
Operations,Software,2022-06-17,7758,10330
HR,Equipment,2022-06-17,15343,14282
Operations,Equipment,2022-06-18,17857,16253
IT,Training,2022-06-19,10996,13274
HR,Software,2022-06-19,5824,5887
IT,Travel,2022-06-20,11009,12823
Marketing,Travel,2022-06-20,11012,11084
Operations,Equipment,2022-06-21,5773,5104
Marketing,Software,2022-06-22,18555,20313
Marketing,Travel,2022-06-25,19586,19304
HR,Software,2022-06-25,17338,16547
Operations,Training,2022-06-27,13337,14007
Operations,Training,2022-06-29,11301,9724
Marketing,Equipment,2022-06-29,15222,14970
Operations,Software,2022-06-30,4955,7892
Finance,Training,2022-07-02,14476,13014
Finance,Software,2022-07-03,6775,7793
Operations,Salaries,2022-07-04,9444,8001
Marketing,Training,2022-07-04,13156,14389
IT,Salaries,2022-07-06,17104,15280
IT,Equipment,2022-07-06,7694,10674
Finance,Software,2022-07-07,15395,14199
HR,Travel,2022-07-08,12247,12854
HR,Equipment,2022-07-10,10001,9226
IT,Training,2022-07-11,4160,4741
IT,Training,2022-07-11,13468,13165
Operations,Salaries,2022-07-12,7045,6998
IT,Software,2022-07-12,4569,3383
Marketing,Travel,2022-07-13,12291,14578
HR,Equipment,2022-07-14,8492,6922
Operations,Equipment,2022-07-15,6572,8347
IT,Travel,2022-07-16,16671,15112
Finance,Salaries,2022-07-16,11160,10688
Operations,Travel,2022-07-17,16366,14797
Finance,Software,2022-07-17,11485,13960
Marketing,Equipment,2022-07-17,19803,20295
Marketing,Travel,2022-07-17,18838,20556
IT,Training,2022-07-18,10609,13396
HR,Training,2022-07-19,17511,16249
HR,Software,2022-07-19,14699,13034
IT,Software,2022-07-20,18089,21066
Operations,Training,2022-07-21,12332,11874
HR,Training,2022-07-22,12987,15407
Finance,Travel,2022-07-23,4070,3362
Marketing,Travel,2022-07-24,4940,6310
HR,Travel,2022-07-25,8774,9165
Finance,Software,2022-07-26,13815,13268
Marketing,Salaries,2022-07-28,12121,13451
HR,Travel,2022-07-28,10042,10792
Marketing,Training,2022-07-28,19047,20246
IT,Software,2022-07-29,11425,10218
Operations,Training,2022-07-30,13209,15167
Finance,Equipment,2022-08-01,12844,12615
HR,Software,2022-08-01,17742,20332
Marketing,Training,2022-08-02,15998,15274
Finance,Training,2022-08-02,16848,17172
HR,Training,2022-08-03,9366,9607
Marketing,Software,2022-08-03,3180,5838
IT,Equipment,2022-08-03,4499,2707
IT,Salaries,2022-08-04,12953,13942
Marketing,Travel,2022-08-05,6388,6592
IT,Salaries,2022-08-06,3585,2445
IT,Equipment,2022-08-07,5692,3838
Finance,Salaries,2022-08-07,14653,14757
IT,Training,2022-08-07,13304,15894
Operations,Training,2022-08-08,6093,8967
Marketing,Salaries,2022-08-09,14639,14163
Marketing,Software,2022-08-09,14693,14665
Finance,Salaries,2022-08-10,5340,5521
Operations,Travel,2022-08-13,14918,14256
Operations,Equipment,2022-08-13,11142,10525
Finance,Training,2022-08-15,16082,15631
IT,Training,2022-08-15,14081,12897
Marketing,Software,2022-08-16,18721,18240
Finance,Software,2022-08-16,17215,15475
Marketing,Training,2022-08-16,7447,7213
Marketing,Software,2022-08-16,6621,9226
IT,Salaries,2022-08-16,7888,8107
HR,Equipment,2022-08-17,13029,15336
Operations,Travel,2022-08-18,17573,17556
Marketing,Software,2022-08-19,6540,7600
Operations,Equipment,2022-08-20,3562,3760
Operations,Training,2022-08-20,4161,6828
HR,Salaries,2022-08-21,19329,17742
Marketing,Equipment,2022-08-25,4928,7397
Marketing,Equipment,2022-08-26,5803,7276
Operations,Travel,2022-08-26,19326,19480
Operations,Software,2022-08-26,5870,7866
HR,Travel,2022-08-26,11921,10752
IT,Salaries,2022-08-27,14905,17642
Finance,Salaries,2022-08-28,18691,20053
HR,Travel,2022-08-29,8886,11632
HR,Training,2022-08-29,11535,12095
Operations,Travel,2022-08-30,15364,15744
Finance,Equipment,2022-08-30,16286,16632
Finance,Equipment,2022-08-31,13340,13474
Finance,Equipment,2022-08-31,9005,8495
Finance,Salaries,2022-09-02,16487,15452
HR,Training,2022-09-03,13882,12431
Marketing,Training,2022-09-03,3524,5953
IT,Equipment,2022-09-03,17036,19351
Operations,Equipment,2022-09-03,5494,4272
Finance,Salaries,2022-09-04,18563,17215
IT,Software,2022-09-05,5024,4649
Finance,Travel,2022-09-08,4263,3905
Operations,Training,2022-09-08,8191,8226
HR,Training,2022-09-09,9375,8939
Operations,Salaries,2022-09-09,9482,9943
IT,Travel,2022-09-09,19197,19680
Operations,Software,2022-09-09,7684,7568
IT,Salaries,2022-09-10,3785,5972
HR,Software,2022-09-11,9073,8650
Operations,Salaries,2022-09-12,6475,5033
Finance,Travel,2022-09-12,8281,8505
IT,Software,2022-09-12,7428,6994
Marketing,Software,2022-09-13,14912,17181
HR,Equipment,2022-09-13,8057,6603
IT,Training,2022-09-13,4189,2767
Finance,Salaries,2022-09-15,17383,18961
Finance,Software,2022-09-15,10403,12141
HR,Travel,2022-09-16,6966,5102
HR,Travel,2022-09-17,16641,15322
IT,Travel,2022-09-17,4535,6826
Finance,Software,2022-09-19,12069,14119
Operations,Salaries,2022-09-20,10746,9786
Marketing,Travel,2022-09-21,9180,9592
Finance,Travel,2022-09-21,9224,10580
IT,Travel,2022-09-22,7358,5848
Finance,Software,2022-09-23,14464,12858
Finance,Travel,2022-09-24,7493,9256
IT,Equipment,2022-09-24,16981,17124
IT,Travel,2022-09-25,15658,16690
Finance,Software,2022-09-25,15684,16942
IT,Equipment,2022-09-26,10247,11662
Operations,Travel,2022-09-27,4697,6357
Operations,Travel,2022-09-27,12932,12752
Finance,Travel,2022-09-28,7474,7308
Marketing,Software,2022-09-29,13568,12075
Finance,Training,2022-10-01,19618,21673
HR,Equipment,2022-10-04,18861,18043
Operations,Travel,2022-10-05,3043,5652
Marketing,Salaries,2022-10-06,12787,11907
Finance,Training,2022-10-07,3546,3261
Marketing,Salaries,2022-10-07,8185,10087
Marketing,Software,2022-10-08,15769,16934
HR,Training,2022-10-08,18224,19034
IT,Equipment,2022-10-09,17739,18571
IT,Travel,2022-10-09,8695,9127
Operations,Software,2022-10-11,10171,12701
Marketing,Salaries,2022-10-11,7918,6788
HR,Training,2022-10-12,19210,21864
Marketing,Salaries,2022-10-12,13567,14233
Marketing,Software,2022-10-12,9913,12368
Operations,Training,2022-10-13,17830,18598
Marketing,Travel,2022-10-14,12415,11892
HR,Training,2022-10-14,16206,19182
Operations,Salaries,2022-10-14,18780,20222
Operations,Training,2022-10-14,16615,16324
Operations,Travel,2022-10-16,11746,14674
IT,Training,2022-10-17,13800,16204
IT,Equipment,2022-10-17,13392,12346
Finance,Software,2022-10-18,17326,15353
Operations,Software,2022-10-19,7349,9171
Operations,Software,2022-10-20,8415,7419
Finance,Training,2022-10-21,5463,7975
Marketing,Travel,2022-10-21,7273,9463
HR,Travel,2022-10-22,16612,18274
IT,Training,2022-10-22,9588,10140
IT,Equipment,2022-10-24,19328,17332
Marketing,Software,2022-10-25,5900,5608
Operations,Travel,2022-10-25,10440,13295
IT,Training,2022-10-27,10537,8723
Marketing,Software,2022-10-28,19205,20962
Finance,Training,2022-10-29,7694,9149
HR,Training,2022-10-30,15330,16309
Marketing,Equipment,2022-10-30,13041,11412
Operations,Training,2022-11-01,3463,1991
Marketing,Salaries,2022-11-01,18728,17075
HR,Salaries,2022-11-02,19372,18210
HR,Salaries,2022-11-02,13006,14323
IT,Travel,2022-11-02,18544,21153
Finance,Salaries,2022-11-03,16037,18866
HR,Training,2022-11-04,5992,5862
Finance,Training,2022-11-05,19791,20149
Operations,Travel,2022-11-07,10406,12121
Operations,Training,2022-11-07,3854,3237
Finance,Equipment,2022-11-07,17481,16719
Finance,Training,2022-11-07,3893,5584
Marketing,Salaries,2022-11-07,19309,17537
HR,Training,2022-11-09,17828,19244
IT,Software,2022-11-09,16112,14519
Operations,Travel,2022-11-10,18602,16999
HR,Software,2022-11-10,5867,5002
IT,Salaries,2022-11-11,14782,14363
Finance,Equipment,2022-11-13,6857,8964
IT,Equipment,2022-11-13,3138,1645
Operations,Equipment,2022-11-13,11682,13446
HR,Software,2022-11-13,9860,9392
Finance,Salaries,2022-11-14,11512,11676
IT,Training,2022-11-14,3613,3974
Finance,Equipment,2022-11-15,13711,12480
Finance,Software,2022-11-17,12932,13694
Marketing,Training,2022-11-17,19308,22266
IT,Travel,2022-11-17,3116,5282
IT,Equipment,2022-11-17,10518,11526
Finance,Equipment,2022-11-17,17913,20470
HR,Salaries,2022-11-17,14477,14378
Finance,Travel,2022-11-19,10374,11117
Marketing,Training,2022-11-19,17053,16636
Marketing,Training,2022-11-20,19673,20884
HR,Travel,2022-11-21,13543,11868
IT,Equipment,2022-11-21,8233,9313
IT,Salaries,2022-11-22,4240,6160
Operations,Software,2022-11-22,11507,9524
IT,Travel,2022-11-23,19715,22008
Operations,Equipment,2022-11-23,5594,4468
HR,Travel,2022-11-25,9010,11132
Finance,Training,2022-11-25,13232,13633
Operations,Software,2022-11-25,7456,7822
Marketing,Salaries,2022-11-26,5362,5621
IT,Software,2022-11-26,12459,14076
HR,Software,2022-11-27,4600,5752
HR,Salaries,2022-11-27,5719,8350
IT,Software,2022-11-27,18586,18265
IT,Training,2022-11-30,4040,3508
Operations,Equipment,2022-12-01,13979,15250
Operations,Travel,2022-12-01,7973,8268
Finance,Equipment,2022-12-02,6041,4576
HR,Salaries,2022-12-03,10497,12035
IT,Training,2022-12-03,4420,3409
IT,Software,2022-12-04,7942,6406
Operations,Travel,2022-12-04,9213,11016
Operations,Training,2022-12-04,8291,8253
Operations,Travel,2022-12-04,14744,15222
Marketing,Training,2022-12-05,8200,9978
IT,Salaries,2022-12-07,11498,13845
HR,Software,2022-12-07,9203,11153
Finance,Software,2022-12-08,17473,17940
Finance,Salaries,2022-12-09,17143,18889
Marketing,Salaries,2022-12-09,12351,14408
IT,Training,2022-12-09,19493,17697
Operations,Training,2022-12-09,15248,15193
IT,Training,2022-12-10,19512,21451
IT,Equipment,2022-12-11,19381,18965
HR,Equipment,2022-12-11,15640,17643
HR,Equipment,2022-12-13,19880,19893
IT,Training,2022-12-14,4302,4216
Finance,Salaries,2022-12-14,12719,13402
IT,Software,2022-12-15,17332,18682
HR,Travel,2022-12-15,11811,10333
HR,Equipment,2022-12-19,11548,10405
IT,Salaries,2022-12-19,7181,8000
Finance,Software,2022-12-19,11785,9884
Marketing,Salaries,2022-12-20,11216,9608
IT,Software,2022-12-21,10142,9592
Finance,Salaries,2022-12-22,16607,16254
IT,Software,2022-12-23,17472,15488
Finance,Training,2022-12-24,8554,7818
Operations,Software,2022-12-24,6499,6846
Finance,Equipment,2022-12-25,13742,15249
Finance,Equipment,2022-12-26,15188,13674
Operations,Travel,2022-12-28,15831,16682
Operations,Salaries,2022-12-28,7300,7817
Operations,Equipment,2022-12-28,12121,13536
Operations,Equipment,2022-12-29,3917,5174
Operations,Training,2022-12-30,15657,14492
IT,Software,2023-01-01,4258,5661
HR,Equipment,2023-01-02,14791,13133
Marketing,Software,2023-01-03,12853,13485
Marketing,Training,2023-01-05,11595,10717
Marketing,Travel,2023-01-05,7378,7754
HR,Travel,2023-01-05,5040,5828
IT,Training,2023-01-05,19728,18153
Finance,Software,2023-01-06,7046,7721
Finance,Training,2023-01-07,5578,5627
Operations,Travel,2023-01-10,16055,16963
Marketing,Training,2023-01-11,11026,13142
Finance,Training,2023-01-11,7136,5709
Finance,Travel,2023-01-12,10304,11672
Operations,Salaries,2023-01-12,17787,19208
Operations,Travel,2023-01-13,11889,11455
Operations,Travel,2023-01-13,19158,19790
Marketing,Software,2023-01-13,5156,3691
IT,Software,2023-01-13,14312,13010
HR,Salaries,2023-01-13,15770,16360
Finance,Equipment,2023-01-15,15824,15382
Operations,Software,2023-01-16,5889,4284
HR,Training,2023-01-17,13706,16490
Operations,Training,2023-01-20,7918,9770
IT,Equipment,2023-01-20,17315,17991
IT,Training,2023-01-21,18005,17325
Marketing,Travel,2023-01-21,9243,7734
IT,Equipment,2023-01-21,11883,12492
Operations,Travel,2023-01-22,16367,15440
IT,Salaries,2023-01-23,18114,20896
Marketing,Software,2023-01-24,7915,10467
Operations,Salaries,2023-01-24,8464,8413
Operations,Training,2023-01-24,19566,20823
Marketing,Travel,2023-01-26,19101,21111
Finance,Salaries,2023-01-26,11366,9854
Operations,Software,2023-01-27,5684,6858
Marketing,Equipment,2023-01-27,12415,15224
Operations,Travel,2023-01-28,12705,13231
Finance,Software,2023-01-30,5521,6305
Marketing,Software,2023-01-30,6995,9676
IT,Training,2023-01-31,18573,19686
Marketing,Equipment,2023-02-04,11507,11913
Finance,Training,2023-02-05,11585,12668
HR,Travel,2023-02-07,5606,4935
HR,Training,2023-02-08,15890,13914
Operations,Travel,2023-02-10,8330,10946
Marketing,Salaries,2023-02-11,9847,11947
Operations,Software,2023-02-12,17036,15525
Finance,Travel,2023-02-13,6912,7991
HR,Software,2023-02-17,15296,13657
Marketing,Travel,2023-02-19,10433,8923
HR,Software,2023-02-20,17625,15802
Finance,Travel,2023-02-21,3875,2542
Operations,Equipment,2023-02-23,18612,17872
Finance,Equipment,2023-02-23,18482,20568
Marketing,Salaries,2023-02-24,14521,12711
Finance,Travel,2023-02-24,18654,20044
HR,Travel,2023-02-24,8558,9900
IT,Travel,2023-02-26,5805,7527
HR,Equipment,2023-02-27,19280,20965
IT,Salaries,2023-02-27,12314,11726
IT,Salaries,2023-03-01,11823,10872
HR,Salaries,2023-03-03,14411,14566
IT,Software,2023-03-03,14493,14037
Operations,Salaries,2023-03-03,7361,8593
Finance,Equipment,2023-03-03,9623,9189
Finance,Salaries,2023-03-05,5867,4265
Marketing,Software,2023-03-06,17848,19472
HR,Training,2023-03-06,6112,8645
Operations,Training,2023-03-07,10862,12065
Marketing,Equipment,2023-03-08,3101,4671
Finance,Equipment,2023-03-08,16301,16326
Marketing,Software,2023-03-09,18672,18972
Finance,Software,2023-03-11,7942,9441
HR,Salaries,2023-03-11,6212,7407
HR,Software,2023-03-11,5745,6284
IT,Training,2023-03-13,3335,2288
IT,Salaries,2023-03-14,13961,16828
HR,Salaries,2023-03-15,17470,20221
Operations,Travel,2023-03-16,11481,10278
HR,Equipment,2023-03-17,9254,10469
Operations,Equipment,2023-03-17,19665,18713
Marketing,Salaries,2023-03-19,19801,20415
Operations,Equipment,2023-03-19,5280,7679
Operations,Salaries,2023-03-21,17960,17441
IT,Travel,2023-03-23,19185,19676
Operations,Salaries,2023-03-24,14485,16488
IT,Salaries,2023-03-24,14258,12922
IT,Software,2023-03-24,7084,9197
Finance,Salaries,2023-03-24,15254,15890
Finance,Salaries,2023-03-25,9996,10348
HR,Training,2023-03-25,7806,6608
IT,Training,2023-03-27,8083,9809
Marketing,Software,2023-03-28,6977,8108
Marketing,Salaries,2023-03-28,6072,6369
Finance,Software,2023-03-29,16126,16930
Operations,Training,2023-03-29,13919,15046
Finance,Equipment,2023-03-29,7041,6138
Operations,Salaries,2023-03-29,10809,10499
HR,Software,2023-03-29,7697,8879
HR,Travel,2023-03-30,8528,8306
Finance,Salaries,2023-03-30,8388,10478
HR,Equipment,2023-04-01,9622,7881
Operations,Training,2023-04-01,4282,3248
HR,Travel,2023-04-01,15705,16709
HR,Equipment,2023-04-02,5320,5020
Operations,Equipment,2023-04-03,18486,17389
Operations,Travel,2023-04-03,7631,6480
HR,Salaries,2023-04-03,9740,8586
HR,Travel,2023-04-04,8926,10805
Finance,Equipment,2023-04-05,18640,16713
Marketing,Salaries,2023-04-05,4261,2362
Operations,Software,2023-04-05,16816,16991
Marketing,Travel,2023-04-06,16520,15815
Operations,Training,2023-04-06,19547,21385
Finance,Software,2023-04-06,3006,3366
HR,Software,2023-04-06,19165,19214
HR,Training,2023-04-08,9022,9933
Operations,Software,2023-04-08,16304,17329
Operations,Training,2023-04-09,9595,12522
HR,Software,2023-04-09,18391,21243
Operations,Salaries,2023-04-09,7472,10472
Operations,Equipment,2023-04-12,5689,6326
Finance,Salaries,2023-04-13,8525,8420
Operations,Equipment,2023-04-13,3320,1489
Marketing,Travel,2023-04-13,14518,15262
Marketing,Equipment,2023-04-14,15051,16179
IT,Equipment,2023-04-14,14285,15039
Marketing,Travel,2023-04-15,7417,5565
Marketing,Training,2023-04-15,8711,9326
Finance,Software,2023-04-15,14633,16561
Operations,Equipment,2023-04-15,18865,21708
HR,Travel,2023-04-15,3350,3626
Finance,Travel,2023-04-16,9722,8683
HR,Equipment,2023-04-17,8538,8803
Finance,Equipment,2023-04-18,11318,12024
Marketing,Software,2023-04-18,11402,11656
IT,Travel,2023-04-18,3701,6038
Operations,Equipment,2023-04-19,17694,16036
Finance,Software,2023-04-20,7208,9750
Marketing,Software,2023-04-21,16581,14597
Operations,Software,2023-04-21,4972,3210
Finance,Software,2023-04-21,19223,21424
IT,Software,2023-04-21,19389,18037
Finance,Training,2023-04-24,16640,19060
IT,Travel,2023-04-25,12245,10907
HR,Training,2023-04-25,9719,11198
HR,Equipment,2023-04-25,11737,9950
IT,Equipment,2023-04-25,14691,13711
IT,Training,2023-04-27,7976,10520
IT,Travel,2023-04-27,17000,19742
Finance,Salaries,2023-04-29,18901,20718
Marketing,Travel,2023-04-29,3556,5108
Operations,Salaries,2023-04-30,14826,16740
Operations,Salaries,2023-04-30,18242,20418
Operations,Salaries,2023-04-30,17794,18504
HR,Equipment,2023-05-02,15311,18013
Finance,Equipment,2023-05-02,7811,7283
IT,Equipment,2023-05-02,5115,4753
Marketing,Training,2023-05-02,19968,22714
Operations,Software,2023-05-03,7344,5925
IT,Training,2023-05-03,17735,16924
Marketing,Software,2023-05-04,8078,9249
Finance,Software,2023-05-05,5239,7472
Finance,Salaries,2023-05-06,12254,12767
Marketing,Salaries,2023-05-08,14723,17077
IT,Travel,2023-05-11,11310,13892
IT,Salaries,2023-05-11,11702,10038
Marketing,Equipment,2023-05-11,3881,3178
Finance,Equipment,2023-05-12,13010,11234
Marketing,Travel,2023-05-13,13155,12780
IT,Salaries,2023-05-13,13559,13886
Marketing,Equipment,2023-05-13,16216,14667
Operations,Salaries,2023-05-14,3896,5453
Operations,Training,2023-05-15,15455,16069
Finance,Equipment,2023-05-15,4665,3257
Operations,Travel,2023-05-15,13438,15057
Operations,Training,2023-05-15,8524,11503
IT,Software,2023-05-15,16249,18984
Finance,Training,2023-05-15,16574,15943
Marketing,Software,2023-05-15,15845,14896
IT,Training,2023-05-16,11830,14245
IT,Training,2023-05-17,17301,18580
HR,Training,2023-05-18,12677,11737
HR,Training,2023-05-19,16490,18174
Marketing,Salaries,2023-05-19,5501,6046
Operations,Software,2023-05-20,4335,5375
IT,Travel,2023-05-21,5480,4610
HR,Travel,2023-05-22,16644,17020
Operations,Salaries,2023-05-23,8448,10519
Operations,Travel,2023-05-23,6422,5899
Marketing,Training,2023-05-23,17140,19287
Finance,Travel,2023-05-24,10176,11802
Marketing,Equipment,2023-05-25,3691,1966
Finance,Travel,2023-05-25,19568,19055
IT,Travel,2023-05-26,10084,10440
HR,Software,2023-05-26,16067,18937
Marketing,Salaries,2023-05-27,4666,7169
Finance,Travel,2023-05-28,10879,13689
Finance,Travel,2023-05-28,14706,14011
Operations,Training,2023-05-29,18908,19941
Marketing,Travel,2023-05-30,8778,7828
Finance,Travel,2023-05-31,7412,8148
Operations,Software,2023-06-02,14370,12798
HR,Training,2023-06-02,13094,14175
Finance,Salaries,2023-06-03,4094,4454
Marketing,Software,2023-06-05,14501,13104
HR,Salaries,2023-06-06,8599,7638
HR,Equipment,2023-06-06,17010,18429
HR,Travel,2023-06-07,4448,6443
Finance,Travel,2023-06-09,12514,15232
Finance,Training,2023-06-09,5718,8595
HR,Equipment,2023-06-09,12324,11770
Operations,Travel,2023-06-09,6202,8180
HR,Equipment,2023-06-10,17254,18146
HR,Software,2023-06-11,15533,18008
HR,Training,2023-06-12,11519,13792
Operations,Travel,2023-06-14,17801,19164
Marketing,Training,2023-06-14,7395,9749
HR,Travel,2023-06-14,16408,17096
HR,Software,2023-06-14,18917,17228
HR,Software,2023-06-15,15254,14069
Finance,Training,2023-06-16,10800,13743
Operations,Travel,2023-06-16,17629,17874
Finance,Equipment,2023-06-17,16304,17141
Marketing,Salaries,2023-06-17,14823,15462
HR,Training,2023-06-17,14705,15805
Marketing,Salaries,2023-06-18,3644,2794
Marketing,Training,2023-06-18,16730,17058
Marketing,Salaries,2023-06-19,8215,9172
Operations,Software,2023-06-21,15205,13766
Finance,Software,2023-06-21,18695,19785
Operations,Software,2023-06-22,3462,1848
Marketing,Training,2023-06-22,6147,7757
IT,Salaries,2023-06-22,14432,14059
Operations,Equipment,2023-06-22,19225,18650
Operations,Salaries,2023-06-22,16133,15284
Operations,Salaries,2023-06-24,8879,11687
HR,Salaries,2023-06-24,5535,7877
Finance,Training,2023-06-24,17746,20316
Finance,Travel,2023-06-25,19506,19080
IT,Equipment,2023-06-25,7482,7956
Finance,Software,2023-06-26,18085,19987
Finance,Salaries,2023-06-26,4252,5853
IT,Travel,2023-06-27,19414,21026
Operations,Training,2023-06-28,18649,19278
Finance,Salaries,2023-06-28,12111,10168
IT,Salaries,2023-06-29,19351,20230
HR,Software,2023-06-30,13513,15036
Marketing,Travel,2023-06-30,10480,8592
Finance,Travel,2023-07-01,19475,22095
IT,Salaries,2023-07-03,8891,8794
Operations,Equipment,2023-07-07,6897,9577
HR,Training,2023-07-07,7358,8599
IT,Equipment,2023-07-08,16612,19505
IT,Salaries,2023-07-08,13114,11373
Marketing,Travel,2023-07-10,9846,11853
Marketing,Training,2023-07-10,18042,20892
IT,Training,2023-07-11,17394,19935
Finance,Travel,2023-07-12,6829,8681
Finance,Software,2023-07-12,3128,3063
Operations,Travel,2023-07-12,11425,12824
IT,Training,2023-07-12,4164,5090
Marketing,Training,2023-07-13,10386,11913
Operations,Travel,2023-07-13,10153,9098
HR,Training,2023-07-14,6949,7202
Finance,Salaries,2023-07-14,8090,6895
Finance,Software,2023-07-15,7474,5915
Finance,Training,2023-07-16,19609,22601
Operations,Salaries,2023-07-17,17019,15920
HR,Equipment,2023-07-18,19239,19323
Marketing,Salaries,2023-07-18,19532,17957
Marketing,Salaries,2023-07-18,5330,6501
Marketing,Travel,2023-07-19,12139,14370
IT,Software,2023-07-19,15810,16513
Finance,Training,2023-07-19,13216,13727
Finance,Software,2023-07-20,11741,12580
HR,Training,2023-07-22,14589,13880
Operations,Training,2023-07-23,9133,7259
IT,Training,2023-07-24,16827,15803
Operations,Software,2023-07-24,11256,14074
Operations,Equipment,2023-07-25,8170,10935
HR,Training,2023-07-25,3991,4150
Operations,Travel,2023-07-25,10444,13025
IT,Software,2023-07-26,4833,2913
Marketing,Salaries,2023-07-26,3651,6248
Finance,Equipment,2023-07-28,4116,3405
Operations,Salaries,2023-07-29,18312,19318
IT,Salaries,2023-07-29,14151,15015
HR,Salaries,2023-07-29,6729,5804
Finance,Equipment,2023-07-29,4418,3394
HR,Software,2023-07-31,8283,11235
HR,Training,2023-08-01,10014,10902
Operations,Travel,2023-08-02,5658,4230
Finance,Travel,2023-08-02,17814,17207
Finance,Salaries,2023-08-02,18225,19294
Marketing,Software,2023-08-04,14056,16514
HR,Training,2023-08-04,8724,10399
IT,Travel,2023-08-05,9573,11633
Operations,Travel,2023-08-07,4910,5107
Finance,Training,2023-08-09,4197,5154
Finance,Software,2023-08-10,18457,19144
Finance,Software,2023-08-11,12841,15084
Finance,Software,2023-08-11,17757,17215
IT,Software,2023-08-12,8203,8325
HR,Travel,2023-08-12,9938,8305
IT,Software,2023-08-13,5172,7195
Marketing,Equipment,2023-08-14,6338,5956
IT,Equipment,2023-08-14,5309,5663
HR,Salaries,2023-08-14,6385,4535
HR,Software,2023-08-15,12712,14560
IT,Equipment,2023-08-15,15389,14324
Finance,Equipment,2023-08-15,18992,20747
Marketing,Software,2023-08-15,4931,4664
Marketing,Software,2023-08-16,3955,4622
Operations,Software,2023-08-16,5736,4641
HR,Equipment,2023-08-17,17785,19225
Finance,Travel,2023-08-17,14846,13438
Marketing,Training,2023-08-18,7332,8601
IT,Travel,2023-08-19,11589,14062
Operations,Software,2023-08-19,17730,18470
HR,Software,2023-08-19,5607,4242
Finance,Software,2023-08-20,11823,11212
IT,Travel,2023-08-20,16345,16703
Finance,Software,2023-08-21,19554,19591
IT,Travel,2023-08-21,11260,13190
HR,Travel,2023-08-21,17121,19774
Finance,Travel,2023-08-22,10438,10149
HR,Salaries,2023-08-24,17839,18097
Marketing,Travel,2023-08-25,19996,18114
Marketing,Salaries,2023-08-26,19990,21671
IT,Salaries,2023-08-26,16194,16485
Operations,Salaries,2023-08-26,12157,12480
HR,Salaries,2023-08-31,17381,18301
Finance,Training,2023-08-31,11202,11614
Finance,Equipment,2023-08-31,9044,10466
Operations,Training,2023-09-02,17169,16481
Marketing,Equipment,2023-09-03,13659,15531
HR,Training,2023-09-04,12969,11963
Operations,Equipment,2023-09-06,9263,11296
HR,Software,2023-09-07,10842,13552
HR,Equipment,2023-09-09,18741,20083
Marketing,Salaries,2023-09-09,17494,16513
Finance,Equipment,2023-09-10,14714,12872
IT,Salaries,2023-09-10,7858,8546
IT,Training,2023-09-10,8684,10517
Finance,Travel,2023-09-11,6799,8338
IT,Salaries,2023-09-11,9146,8389
IT,Training,2023-09-11,15038,16952
Operations,Salaries,2023-09-12,10943,13286
Marketing,Travel,2023-09-13,9564,7767
IT,Equipment,2023-09-14,4343,3997
HR,Equipment,2023-09-14,13152,15976
HR,Software,2023-09-15,8089,11062
Finance,Equipment,2023-09-16,7692,8930
IT,Travel,2023-09-17,7949,7239
Operations,Equipment,2023-09-17,15569,15031
IT,Salaries,2023-09-19,7606,5666
IT,Travel,2023-09-19,12075,12655
HR,Salaries,2023-09-21,6623,8574
Operations,Travel,2023-09-21,16544,18171
Marketing,Equipment,2023-09-22,13209,12906
IT,Training,2023-09-23,12890,14987
IT,Training,2023-09-23,7949,7868
Operations,Salaries,2023-09-24,10196,11569
Marketing,Salaries,2023-09-24,11123,9838
Finance,Travel,2023-09-24,17200,20093
Operations,Salaries,2023-09-24,12280,12628
IT,Training,2023-09-25,4308,6267
Finance,Training,2023-09-26,15596,17384
Operations,Salaries,2023-09-26,9529,11553
Operations,Travel,2023-09-28,13505,15681
Finance,Training,2023-09-28,3090,3228
Finance,Salaries,2023-09-28,7654,7693
IT,Software,2023-09-28,19926,21987
Marketing,Equipment,2023-09-29,6517,8258
Operations,Equipment,2023-09-29,9731,7932
HR,Software,2023-09-30,7100,6793
IT,Equipment,2023-09-30,3077,5131
HR,Travel,2023-10-02,7465,7851
Marketing,Salaries,2023-10-03,14945,15133
HR,Software,2023-10-03,8221,8966
Operations,Training,2023-10-06,17788,16515
HR,Equipment,2023-10-06,16637,19308
IT,Equipment,2023-10-06,11390,9908
Finance,Software,2023-10-07,8084,9137
IT,Equipment,2023-10-09,9652,12007
HR,Software,2023-10-10,11801,13615
Finance,Equipment,2023-10-10,13343,16053
IT,Equipment,2023-10-11,6070,7210
Finance,Training,2023-10-11,6312,7884
Finance,Software,2023-10-11,13300,15327
HR,Travel,2023-10-13,8017,8512
Marketing,Software,2023-10-16,9695,8650
IT,Equipment,2023-10-17,13186,11759
Finance,Software,2023-10-17,10186,12585
IT,Training,2023-10-17,9178,9824
Marketing,Software,2023-10-18,6433,8942
HR,Training,2023-10-19,5847,4901
Finance,Salaries,2023-10-20,14650,17585
Marketing,Equipment,2023-10-21,4232,6220
IT,Equipment,2023-10-21,17978,20538
IT,Equipment,2023-10-21,16078,17851
Operations,Equipment,2023-10-22,16676,16096
IT,Equipment,2023-10-22,12446,10972
HR,Equipment,2023-10-22,14132,16234
Finance,Salaries,2023-10-23,3838,5956
IT,Training,2023-10-23,5264,6645
IT,Travel,2023-10-24,8656,6971
IT,Software,2023-10-25,16066,15269
IT,Equipment,2023-10-25,10837,9398
HR,Travel,2023-10-27,13123,11205
HR,Software,2023-10-27,16702,17959
HR,Training,2023-10-28,13245,13202
IT,Equipment,2023-10-28,18345,18997
Operations,Training,2023-10-29,11662,10622
Finance,Training,2023-10-29,15114,15096
Operations,Software,2023-10-29,8040,7591
Marketing,Salaries,2023-10-29,9960,8733
Finance,Software,2023-10-30,12053,11998
HR,Travel,2023-10-31,7104,8212
Marketing,Equipment,2023-10-31,10160,9640
Operations,Training,2023-10-31,4852,3392
IT,Salaries,2023-11-01,9541,8188
HR,Travel,2023-11-01,5978,5354
HR,Salaries,2023-11-02,7861,7865
Operations,Salaries,2023-11-03,18196,19771
Marketing,Travel,2023-11-04,3435,3957
IT,Salaries,2023-11-06,11839,11401
IT,Equipment,2023-11-06,11382,12012
HR,Salaries,2023-11-07,6795,9061
IT,Salaries,2023-11-09,4889,6996
Operations,Software,2023-11-10,7179,8099
Operations,Software,2023-11-10,17390,17986
Marketing,Software,2023-11-10,9141,9478
Finance,Training,2023-11-12,8675,10742
Operations,Travel,2023-11-12,5739,4102
IT,Software,2023-11-14,11848,13447
HR,Travel,2023-11-14,6859,5487
IT,Equipment,2023-11-14,10565,9621
IT,Software,2023-11-15,7626,10201
Marketing,Training,2023-11-15,9426,9346
Finance,Software,2023-11-17,8936,7578
Marketing,Training,2023-11-17,11111,11235
IT,Equipment,2023-11-18,11990,14986
HR,Training,2023-11-18,18753,19805
HR,Equipment,2023-11-19,7281,8796
Operations,Salaries,2023-11-19,9928,10938
IT,Salaries,2023-11-19,14569,15907
HR,Training,2023-11-20,3937,5007
Operations,Equipment,2023-11-21,15841,14364
Operations,Travel,2023-11-22,3555,4802
IT,Software,2023-11-22,16287,15319
Marketing,Software,2023-11-23,15121,15580
HR,Training,2023-11-25,8272,6806
HR,Software,2023-11-25,9248,8681
IT,Salaries,2023-11-26,4729,3781
IT,Travel,2023-11-26,6640,8493
Operations,Travel,2023-11-27,11095,13541
Marketing,Software,2023-11-28,5716,5514
HR,Training,2023-11-29,18845,17334
Operations,Equipment,2023-11-29,17033,19519
HR,Travel,2023-11-29,15591,16988
Operations,Training,2023-11-30,6911,7081
IT,Equipment,2023-12-01,10202,12445
Operations,Equipment,2023-12-02,4141,4059
HR,Training,2023-12-03,18864,19418
Finance,Software,2023-12-03,14097,13153
Operations,Software,2023-12-04,11765,13818
Operations,Software,2023-12-04,8347,9834
HR,Travel,2023-12-05,19941,18055
Operations,Training,2023-12-05,12898,14085
Finance,Travel,2023-12-09,8393,6523
Marketing,Training,2023-12-10,3393,3418
Operations,Equipment,2023-12-10,10950,10288
HR,Travel,2023-12-11,18040,16722
IT,Salaries,2023-12-12,16105,18759
IT,Training,2023-12-12,15433,17477
Marketing,Travel,2023-12-13,8996,11130
HR,Travel,2023-12-14,6101,5591
Marketing,Travel,2023-12-15,9001,7325
Marketing,Salaries,2023-12-15,10552,8647
Marketing,Salaries,2023-12-15,5981,5160
IT,Training,2023-12-15,10937,12984
IT,Equipment,2023-12-16,11242,13139
IT,Travel,2023-12-17,4182,7114
Marketing,Salaries,2023-12-17,8370,10111
IT,Salaries,2023-12-20,16852,14993
Marketing,Travel,2023-12-20,15281,17656
Operations,Salaries,2023-12-22,4257,5862
Finance,Training,2023-12-25,19575,21957
Finance,Travel,2023-12-25,8490,9331
Finance,Equipment,2023-12-26,10367,11871
IT,Equipment,2023-12-26,11702,9803
Operations,Equipment,2023-12-27,3709,4171
Marketing,Software,2023-12-27,15121,16272
Finance,Equipment,2023-12-27,15631,16696
Marketing,Training,2023-12-28,15584,16463
IT,Salaries,2023-12-28,16043,16791
Finance,Salaries,2023-12-29,4960,6635
IT,Equipment,2023-12-30,12570,13002
IT,Salaries,2024-01-01,7504,6150
IT,Travel,2024-01-02,14634,15994
Finance,Salaries,2024-01-03,13283,11508
Operations,Training,2024-01-04,11947,9997
Marketing,Travel,2024-01-04,10746,10547
IT,Travel,2024-01-04,18505,16750
Operations,Travel,2024-01-08,13406,12162
Operations,Software,2024-01-09,19657,20494
IT,Travel,2024-01-09,13035,12899
IT,Salaries,2024-01-11,16634,15513
Operations,Training,2024-01-11,15441,15260
HR,Software,2024-01-11,9558,10553
Operations,Training,2024-01-12,7727,9756
HR,Equipment,2024-01-12,7092,6138
Operations,Equipment,2024-01-12,8484,10313
HR,Equipment,2024-01-14,18951,21371
IT,Training,2024-01-14,12486,13527
Marketing,Travel,2024-01-15,16112,17172
IT,Salaries,2024-01-15,18076,16154
Operations,Training,2024-01-15,10563,10474
Marketing,Equipment,2024-01-16,3107,4001
Finance,Salaries,2024-01-16,6743,4878
IT,Travel,2024-01-17,3234,2042
Marketing,Salaries,2024-01-18,13568,15006
HR,Salaries,2024-01-18,13894,16840
IT,Equipment,2024-01-19,14572,12660
Marketing,Salaries,2024-01-20,13975,15381
Finance,Training,2024-01-20,17175,15623
HR,Travel,2024-01-21,10250,9637
IT,Equipment,2024-01-21,19845,19416
Marketing,Software,2024-01-22,11950,13556
Marketing,Software,2024-01-22,7663,7210
Finance,Travel,2024-01-22,4845,4844
Marketing,Software,2024-01-22,4766,4604
IT,Software,2024-01-23,3540,3798
Marketing,Software,2024-01-24,11189,10889
IT,Equipment,2024-01-25,15981,14170
Finance,Equipment,2024-01-25,3205,5916
Finance,Equipment,2024-01-27,11347,12878
Finance,Software,2024-01-28,7212,8418
IT,Salaries,2024-01-29,10840,12075
Finance,Software,2024-01-30,12090,10605
IT,Equipment,2024-02-02,8336,6527
Marketing,Training,2024-02-04,9852,10912
Operations,Travel,2024-02-04,18171,18390
Marketing,Software,2024-02-04,4480,7109
Operations,Software,2024-02-07,19296,19655
IT,Training,2024-02-09,3832,4199
Finance,Travel,2024-02-10,7795,8841
IT,Salaries,2024-02-11,18512,20400
HR,Training,2024-02-12,3518,4656
Operations,Travel,2024-02-13,13788,13616
HR,Salaries,2024-02-13,7277,5785
IT,Training,2024-02-13,13078,11462
Marketing,Software,2024-02-14,12940,14401
IT,Software,2024-02-15,8358,6570
IT,Software,2024-02-17,17248,19367
IT,Travel,2024-02-17,9758,8853
Marketing,Training,2024-02-17,13513,13885
HR,Travel,2024-02-18,19529,17884
Finance,Training,2024-02-18,8700,7166
Finance,Software,2024-02-18,4844,4449
Operations,Equipment,2024-02-19,12065,13134
IT,Travel,2024-02-19,18260,20337
Operations,Equipment,2024-02-20,15810,17384
Finance,Software,2024-02-21,5832,5386
Marketing,Training,2024-02-22,7556,8403
HR,Equipment,2024-02-24,9152,9910
IT,Training,2024-02-24,7916,7631
HR,Salaries,2024-02-26,3513,6118
HR,Salaries,2024-02-26,14987,17620
IT,Travel,2024-02-27,7429,6829
Finance,Software,2024-02-28,16846,17246
Operations,Software,2024-02-29,9653,7784
Marketing,Training,2024-02-29,7169,6394
Marketing,Travel,2024-02-29,13074,14443
Operations,Travel,2024-02-29,7860,7116
IT,Software,2024-03-01,4192,6279
Marketing,Training,2024-03-01,19523,18730
Operations,Software,2024-03-04,14186,13140
Marketing,Equipment,2024-03-04,17648,18768
IT,Salaries,2024-03-04,11796,12430
IT,Training,2024-03-04,9071,8174
HR,Software,2024-03-05,6745,6850
HR,Equipment,2024-03-08,14526,16321
HR,Software,2024-03-10,12518,14548
Finance,Equipment,2024-03-11,10671,8812
HR,Software,2024-03-11,17510,17584
HR,Travel,2024-03-12,16952,19239
Operations,Training,2024-03-12,8238,8635
Operations,Training,2024-03-13,4133,5522
Marketing,Training,2024-03-13,17754,16370
Operations,Software,2024-03-14,14585,17574
Finance,Equipment,2024-03-15,9350,11198
IT,Travel,2024-03-17,8243,7307
IT,Equipment,2024-03-17,17046,18654
Finance,Equipment,2024-03-17,19920,18149
HR,Salaries,2024-03-18,14411,13968
HR,Equipment,2024-03-18,8945,11525
IT,Salaries,2024-03-21,12771,14328
HR,Equipment,2024-03-21,13274,13766
Marketing,Travel,2024-03-21,16158,18831
Operations,Training,2024-03-22,12805,11729
Marketing,Travel,2024-03-23,4769,5999
IT,Equipment,2024-03-25,15409,14298
Marketing,Travel,2024-03-25,15126,13623
Operations,Travel,2024-03-25,15862,15693
Finance,Software,2024-03-26,18046,17882
Finance,Salaries,2024-03-28,12821,13943
IT,Equipment,2024-03-28,12390,13590
Operations,Training,2024-03-29,18706,21161
IT,Software,2024-03-30,10416,12176
IT,Travel,2024-03-31,14902,17454
Marketing,Salaries,2024-03-31,6296,4728
Finance,Software,2024-03-31,18186,21027
HR,Equipment,2024-04-01,15896,15603
IT,Salaries,2024-04-03,15250,17266
Marketing,Salaries,2024-04-04,14533,15109
IT,Software,2024-04-04,11917,11841
IT,Equipment,2024-04-06,15510,18326
IT,Salaries,2024-04-06,19341,21040
Operations,Salaries,2024-04-06,9277,7295
IT,Equipment,2024-04-07,19575,22213
Marketing,Software,2024-04-08,15023,13727
HR,Training,2024-04-10,19912,20923
HR,Software,2024-04-10,5905,5647
Finance,Travel,2024-04-11,3253,4861
Operations,Software,2024-04-11,7166,6672
Finance,Equipment,2024-04-12,11708,13560
Finance,Salaries,2024-04-13,3315,2721
Marketing,Salaries,2024-04-13,4236,5591
HR,Travel,2024-04-14,19666,17862
IT,Salaries,2024-04-15,4637,4753
HR,Travel,2024-04-17,12619,13844
Finance,Equipment,2024-04-21,15301,13582
Marketing,Software,2024-04-22,17028,17222
Finance,Salaries,2024-04-23,19381,17942
Finance,Training,2024-04-23,16501,15630
Marketing,Salaries,2024-04-24,14383,16403
Marketing,Training,2024-04-25,10339,12556
Operations,Training,2024-04-26,8857,10696
Finance,Software,2024-04-26,11460,10466
HR,Equipment,2024-04-26,8237,8608
IT,Equipment,2024-04-28,11144,12498
HR,Salaries,2024-04-28,15193,15029
Operations,Training,2024-04-28,19061,18954
Marketing,Equipment,2024-04-30,10590,9372
Finance,Travel,2024-05-01,15284,15713
Operations,Equipment,2024-05-02,7863,10459
IT,Equipment,2024-05-04,12143,14391
Finance,Travel,2024-05-05,12088,13627
Operations,Training,2024-05-07,13355,14552
HR,Salaries,2024-05-07,10349,8656
Marketing,Software,2024-05-07,17723,20582
Marketing,Salaries,2024-05-07,6283,8198
IT,Software,2024-05-09,14849,17276
IT,Travel,2024-05-09,16530,17984
HR,Software,2024-05-11,17290,15639
Finance,Equipment,2024-05-11,9786,7935
Finance,Equipment,2024-05-11,3072,1171
IT,Training,2024-05-11,17283,17832
Finance,Salaries,2024-05-12,17960,18525
IT,Training,2024-05-13,13684,16418
Marketing,Software,2024-05-13,12715,15497
Marketing,Training,2024-05-14,7835,7195
IT,Travel,2024-05-14,16735,18481
HR,Travel,2024-05-15,11249,9974
IT,Salaries,2024-05-20,16466,15641
HR,Training,2024-05-20,10958,8975
HR,Travel,2024-05-21,18223,16456
Finance,Travel,2024-05-21,15559,17948
Operations,Software,2024-05-21,7479,8182
Finance,Equipment,2024-05-22,18552,20646
IT,Salaries,2024-05-23,16845,16406
HR,Software,2024-05-26,9344,10051
Marketing,Software,2024-05-27,3655,4499
IT,Training,2024-05-27,16339,16900
Operations,Salaries,2024-05-27,4458,2499
Marketing,Training,2024-05-27,4837,2949
Finance,Training,2024-05-28,7046,5393
IT,Travel,2024-05-28,12502,10756
HR,Equipment,2024-05-29,3694,6661
IT,Software,2024-05-30,4353,6732
Operations,Software,2024-05-31,19032,18425
Operations,Travel,2024-05-31,19957,22453
Operations,Salaries,2024-06-01,10073,9674
IT,Training,2024-06-02,4299,3864
Finance,Salaries,2024-06-02,10932,13630
Marketing,Training,2024-06-03,5728,4164
Operations,Equipment,2024-06-05,4511,7168
Marketing,Software,2024-06-07,4314,3691
IT,Salaries,2024-06-08,16829,17789
Marketing,Training,2024-06-08,3893,2033
HR,Software,2024-06-09,11529,13069
IT,Equipment,2024-06-09,16619,16772
Finance,Travel,2024-06-09,10892,13385
HR,Training,2024-06-09,16156,17178
Finance,Salaries,2024-06-09,9585,12542
Finance,Travel,2024-06-09,5690,4372
Operations,Equipment,2024-06-10,19379,21216
Operations,Training,2024-06-11,15966,16007
HR,Software,2024-06-12,15249,16682
Operations,Equipment,2024-06-13,14769,14349
HR,Salaries,2024-06-15,9702,10578
Operations,Travel,2024-06-16,6889,7431
HR,Training,2024-06-18,12238,11213
Operations,Equipment,2024-06-18,15421,16889
Finance,Software,2024-06-19,5338,5643
Marketing,Salaries,2024-06-20,6680,8825
Finance,Software,2024-06-21,8528,6651
HR,Training,2024-06-22,14271,14156
HR,Salaries,2024-06-23,14170,12393
IT,Training,2024-06-24,12757,13830
HR,Equipment,2024-06-25,7717,7376
Operations,Travel,2024-06-25,16744,19727
IT,Equipment,2024-06-25,17056,16920
IT,Software,2024-06-26,19523,22208
IT,Salaries,2024-06-26,9908,9486
Operations,Equipment,2024-06-26,3603,6202
Operations,Salaries,2024-06-26,12018,12722
Finance,Salaries,2024-06-27,7084,7516
IT,Salaries,2024-06-27,7618,7730
Marketing,Salaries,2024-06-27,13316,11540
Operations,Software,2024-06-28,16227,14702
Marketing,Salaries,2024-06-28,17068,16982
HR,Salaries,2024-06-28,16607,17367
Operations,Training,2024-06-29,8832,6920
Operations,Software,2024-06-29,4948,5624
IT,Equipment,2024-06-30,5941,4130
HR,Equipment,2024-06-30,19452,20487
Finance,Software,2024-07-02,4872,6766
HR,Equipment,2024-07-03,6920,5335
Operations,Salaries,2024-07-03,15987,15448
IT,Travel,2024-07-04,6549,9372
IT,Travel,2024-07-05,19528,19417
Operations,Training,2024-07-05,19217,18008
Marketing,Equipment,2024-07-05,17037,16186
Marketing,Training,2024-07-05,19413,17490
HR,Travel,2024-07-05,10676,9435
Operations,Software,2024-07-05,13152,11823
Marketing,Salaries,2024-07-05,15516,17468
Finance,Travel,2024-07-06,11880,11993
HR,Software,2024-07-06,19284,18037
IT,Training,2024-07-07,10833,12174
Marketing,Equipment,2024-07-09,3821,3297
IT,Salaries,2024-07-10,7024,6000
IT,Equipment,2024-07-10,7204,9100
IT,Travel,2024-07-11,5235,6387
Operations,Equipment,2024-07-11,8748,10987
HR,Travel,2024-07-12,9071,10992
Finance,Travel,2024-07-12,17804,18002
Marketing,Equipment,2024-07-14,12906,11885
IT,Software,2024-07-15,14232,15629
Operations,Travel,2024-07-16,9387,10852
Marketing,Equipment,2024-07-16,7888,6120
Finance,Software,2024-07-18,13326,12686
HR,Salaries,2024-07-18,18816,16923
Operations,Salaries,2024-07-19,14252,13503
IT,Training,2024-07-19,10220,10939
HR,Equipment,2024-07-20,14212,14015
IT,Salaries,2024-07-20,13501,11690
Operations,Salaries,2024-07-21,15314,17862
IT,Training,2024-07-21,18575,19514
IT,Training,2024-07-22,15244,17184
Operations,Travel,2024-07-23,3700,6592
IT,Training,2024-07-24,12544,11919
Operations,Training,2024-07-24,6495,8558
Finance,Equipment,2024-07-25,5450,6291
Operations,Training,2024-07-25,8884,7938
Finance,Training,2024-07-26,12961,14426
IT,Software,2024-07-26,12627,12084
Operations,Salaries,2024-07-26,16386,14494
Finance,Equipment,2024-07-27,12373,10416
Operations,Equipment,2024-07-27,5486,5115
Marketing,Travel,2024-07-28,17846,16874
Marketing,Salaries,2024-07-29,4128,3855
HR,Training,2024-07-30,8864,10549
Marketing,Software,2024-08-01,6842,8293
Finance,Training,2024-08-01,11725,10990
Finance,Training,2024-08-01,10234,10556
Operations,Software,2024-08-01,16378,15145
IT,Training,2024-08-05,15398,16350
HR,Software,2024-08-06,10532,11698
Finance,Salaries,2024-08-07,15561,16969
HR,Equipment,2024-08-07,12294,14823
Marketing,Software,2024-08-07,17262,16173
IT,Salaries,2024-08-08,10279,9163
Operations,Software,2024-08-08,13727,15247
HR,Equipment,2024-08-09,14483,14711
Finance,Travel,2024-08-10,3283,2777
Operations,Training,2024-08-11,3734,4315
HR,Software,2024-08-11,13786,12489
Operations,Software,2024-08-13,6878,9238
IT,Training,2024-08-13,8169,8203
Finance,Travel,2024-08-13,19551,20798
Operations,Travel,2024-08-14,7625,8080
HR,Training,2024-08-16,15244,16526
Operations,Travel,2024-08-16,16766,18536
HR,Software,2024-08-16,3904,4072
Finance,Travel,2024-08-17,18780,21520
IT,Training,2024-08-17,12933,13358
Finance,Travel,2024-08-18,5553,8045
Operations,Travel,2024-08-18,4120,5321
Finance,Equipment,2024-08-18,3845,4953
Finance,Travel,2024-08-19,10073,11684
HR,Travel,2024-08-20,17007,19832
IT,Training,2024-08-20,17016,15781
Operations,Salaries,2024-08-22,18137,16287
HR,Equipment,2024-08-23,4124,4028
Finance,Software,2024-08-23,18650,20810
IT,Equipment,2024-08-24,4922,5760
Marketing,Travel,2024-08-25,8946,11279
Operations,Travel,2024-08-25,10152,8302
HR,Equipment,2024-08-26,16657,19295
Operations,Salaries,2024-08-27,10360,11175
Marketing,Training,2024-08-27,6374,8988
Operations,Software,2024-08-28,12914,15739
IT,Travel,2024-08-28,19624,17877
Marketing,Salaries,2024-08-29,15114,17780
HR,Software,2024-08-30,14441,15561
Operations,Software,2024-08-30,13195,12634
Finance,Training,2024-08-31,5350,5568
Operations,Equipment,2024-09-01,17114,19738
HR,Salaries,2024-09-02,15440,18372
Marketing,Salaries,2024-09-03,15153,14313
Marketing,Equipment,2024-09-03,9077,10326
Finance,Software,2024-09-04,16418,16365
IT,Equipment,2024-09-05,4576,4150
HR,Software,2024-09-07,3217,1433
Operations,Training,2024-09-08,7103,7081
HR,Training,2024-09-08,13429,14419
HR,Salaries,2024-09-09,15088,17431
Operations,Salaries,2024-09-10,8136,6719
Marketing,Equipment,2024-09-10,15488,15910
IT,Software,2024-09-10,5305,5857
IT,Equipment,2024-09-11,14581,13269
IT,Travel,2024-09-11,16698,17478
Finance,Travel,2024-09-11,4279,2332
HR,Salaries,2024-09-11,11514,9779
Marketing,Equipment,2024-09-12,11500,10704
IT,Travel,2024-09-12,15918,17934
IT,Salaries,2024-09-14,7866,8726
IT,Travel,2024-09-14,4979,5334
HR,Travel,2024-09-15,18893,21255
Finance,Travel,2024-09-16,11357,9879
Marketing,Equipment,2024-09-17,16874,19052
Operations,Training,2024-09-18,7533,6142
IT,Software,2024-09-18,10270,8790
HR,Software,2024-09-19,14705,17060
Marketing,Training,2024-09-19,15993,18411
IT,Travel,2024-09-20,15924,14940
HR,Software,2024-09-21,16769,19130
HR,Software,2024-09-22,17722,19114
IT,Software,2024-09-23,11330,11903
Finance,Software,2024-09-24,16388,15318
IT,Travel,2024-09-24,12155,12861
IT,Equipment,2024-09-25,19674,20014
Marketing,Travel,2024-09-25,4781,2858
HR,Travel,2024-09-26,6610,7108
IT,Equipment,2024-09-27,14168,12660
IT,Equipment,2024-09-27,18606,19668
Marketing,Travel,2024-09-28,5445,4379
HR,Training,2024-09-28,14785,15627
Marketing,Software,2024-09-29,7435,6315
Operations,Travel,2024-09-29,3315,5640
HR,Travel,2024-09-29,17145,16640
Operations,Training,2024-09-30,5607,3733
Finance,Travel,2024-10-01,17710,19472
Operations,Travel,2024-10-02,16553,14924
Marketing,Software,2024-10-02,7194,7151
Finance,Training,2024-10-02,10849,10140
Finance,Training,2024-10-04,18446,16679
Operations,Software,2024-10-05,4242,5919
IT,Training,2024-10-06,15065,14457
Finance,Training,2024-10-08,5429,5119
IT,Equipment,2024-10-09,8812,9382
IT,Training,2024-10-11,11812,10783
Finance,Software,2024-10-12,15642,16731
Operations,Equipment,2024-10-12,13882,16810
IT,Travel,2024-10-14,16312,16925
Operations,Travel,2024-10-15,14510,17396
Finance,Salaries,2024-10-16,9926,12188
Finance,Equipment,2024-10-16,10202,8959
IT,Software,2024-10-17,11935,10220
Marketing,Software,2024-10-18,15868,17880
Finance,Travel,2024-10-18,4291,3933
IT,Software,2024-10-19,15346,16800
HR,Equipment,2024-10-19,6074,7443
IT,Training,2024-10-19,14197,12654
HR,Training,2024-10-19,11450,11040
Marketing,Travel,2024-10-20,10523,11993
Operations,Equipment,2024-10-20,5873,7892
Finance,Equipment,2024-10-21,15270,14167
Marketing,Travel,2024-10-21,17787,17516
IT,Salaries,2024-10-23,16415,18357
HR,Software,2024-10-23,14278,14664
IT,Salaries,2024-10-24,3639,3995
IT,Training,2024-10-24,16600,17712
Finance,Software,2024-10-25,16581,19298
Finance,Equipment,2024-10-26,18301,18775
HR,Software,2024-10-27,6595,6675
Finance,Salaries,2024-10-29,6571,5368
HR,Salaries,2024-10-29,3776,3841
Marketing,Training,2024-10-29,4531,6581
HR,Software,2024-10-29,6649,5460
Operations,Equipment,2024-10-31,6847,8003
IT,Training,2024-10-31,9118,8455
IT,Software,2024-11-01,12708,13019
IT,Training,2024-11-01,13966,12974
HR,Travel,2024-11-02,7205,8906
Marketing,Software,2024-11-05,12548,12560
Marketing,Salaries,2024-11-05,3658,4310
IT,Training,2024-11-06,13206,16040
IT,Equipment,2024-11-07,9319,9944
Operations,Salaries,2024-11-07,14590,13272
Operations,Travel,2024-11-07,14485,14474
Operations,Software,2024-11-09,7374,5900
Marketing,Software,2024-11-09,10626,8814
HR,Equipment,2024-11-09,14199,12571
IT,Training,2024-11-09,3141,2115
HR,Training,2024-11-09,9742,9699
IT,Training,2024-11-10,6863,8168
Finance,Equipment,2024-11-11,6303,8478
Operations,Equipment,2024-11-11,9344,8698
Operations,Travel,2024-11-13,11241,9470
Finance,Software,2024-11-14,10039,10331
Finance,Salaries,2024-11-14,4896,5760
Marketing,Travel,2024-11-15,11134,12699
IT,Travel,2024-11-15,13560,14451
Marketing,Salaries,2024-11-16,15095,17974
Finance,Travel,2024-11-16,5634,4995
HR,Salaries,2024-11-16,11735,10295
Finance,Software,2024-11-16,16554,15826
IT,Equipment,2024-11-17,8856,9480
IT,Software,2024-11-19,17374,16137
Finance,Training,2024-11-19,12941,11577
HR,Equipment,2024-11-19,16841,18879
Marketing,Travel,2024-11-19,16501,18956
Finance,Software,2024-11-19,15951,14695
Operations,Salaries,2024-11-20,16492,16776
Marketing,Salaries,2024-11-22,3287,2612
HR,Software,2024-11-22,11408,11555
Operations,Travel,2024-11-23,18459,18449
HR,Software,2024-11-24,6453,7568
Finance,Software,2024-11-24,13191,13740
Marketing,Equipment,2024-11-25,13209,11964
Marketing,Salaries,2024-11-25,16157,15378
Marketing,Salaries,2024-11-26,7583,8188
Finance,Equipment,2024-11-26,14531,16133
HR,Software,2024-11-27,10112,8775
Operations,Training,2024-11-27,11352,11108
IT,Training,2024-11-27,5073,4591
Marketing,Salaries,2024-11-29,11797,12782
HR,Travel,2024-11-29,18615,17255
Finance,Equipment,2024-11-29,15816,17569
Operations,Travel,2024-11-30,17283,15471
IT,Salaries,2024-12-01,10909,12422
HR,Software,2024-12-02,16787,18955
HR,Salaries,2024-12-02,15525,15060
IT,Training,2024-12-03,12826,12052
IT,Equipment,2024-12-03,8606,11604
HR,Equipment,2024-12-03,3930,3760
IT,Salaries,2024-12-03,8313,11082
IT,Equipment,2024-12-05,10649,10441
Finance,Training,2024-12-06,10248,11489
HR,Training,2024-12-08,16057,15359
Finance,Training,2024-12-09,19846,18503
HR,Equipment,2024-12-10,13627,16006
IT,Equipment,2024-12-10,3089,2798
Marketing,Software,2024-12-10,9560,8348
HR,Software,2024-12-10,4203,5690
Marketing,Software,2024-12-12,16744,16243
Finance,Software,2024-12-12,7991,7474
Finance,Training,2024-12-13,19233,19290
Marketing,Equipment,2024-12-13,8733,9205
Operations,Software,2024-12-13,9530,8082
Marketing,Salaries,2024-12-14,11493,9970
Finance,Travel,2024-12-14,4672,3330
Finance,Salaries,2024-12-14,3579,1854
Operations,Travel,2024-12-16,19714,18343
Finance,Equipment,2024-12-17,12754,10856
Operations,Salaries,2024-12-18,4873,7722
HR,Software,2024-12-18,16228,16876
IT,Travel,2024-12-19,16058,16497
Finance,Salaries,2024-12-19,3801,2574
Finance,Salaries,2024-12-19,16484,18616
IT,Travel,2024-12-20,10100,9556
IT,Travel,2024-12-21,8156,9158
Marketing,Equipment,2024-12-21,18451,18083
Finance,Travel,2024-12-21,17218,15415
Marketing,Equipment,2024-12-23,15849,14729
Marketing,Training,2024-12-25,15266,18019
Operations,Training,2024-12-25,19695,19469
HR,Travel,2024-12-26,6417,5250
Operations,Equipment,2024-12-26,14773,14471
IT,Salaries,2024-12-27,6240,7862
HR,Software,2024-12-28,6487,9223
Operations,Salaries,2024-12-28,15651,17458
Operations,Software,2024-12-29,19802,18934
HR,Equipment,2024-12-30,3532,5426
